90,0.0
106,0.0
132,0.0
245,0.0
276,0.0
295,0.0
327,0.0
378,0.0
410,0.0
470,0.0
551,0.0
595,0.0
611,0.0
638,0.0
648,0.0
696,0.0
721,0.0
748,0.0
758,0.0
797,0.0
807,0.0
815,0.0
843,0.0
904,0.0
916,0.0
947,0.0
958,0.0
967,0.0
1007,0.0
1038,0.0
1047,0.0
1116,0.0
1148,0.0
1159,0.0
1181,0.0
1225,0.0
1253,0.0
1319,0.0
1358,0.0
1377,0.0
1422,0.0
1451,0.0
1481,0.0
1528,0.0
1558,0.0
1583,0.0
1642,0.0
1672,0.0
1709,0.0
1742,0.0
1776,0.0
1807,0.0
1854,0.0
1873,0.0
1903,0.0
1947,0.0
1973,0.0
2007,0.0
2054,0.0
2087,0.0
2125,0.0
2176,0.0
2204,0.0
2247,0.0
2275,0.0
2290,0.0
2319,0.0
2377,0.0
2406,0.0
2485,0.0
2508,0.0
2516,0.0
2529,0.0
2563,0.0
2597,0.0
2630,0.0
2672,0.0
2698,0.0
2709,0.0
2768,0.0
2781,0.0
2800,0.0
2837,0.0
2883,0.0
2891,0.0
2911,0.0
2949,0.0
2990,0.0
3022,0.0
3042,0.0
3086,0.0
3112,0.0
3140,0.0
3197,0.0
3229,0.0
3242,0.0
3288,0.0
3321,0.0
3335,0.0
3387,0.0
3417,0.0
3440,0.0
3451,0.0
3498,0.0
3527,0.0
3538,0.0
3600,0.0
3625,0.0
3639,0.0
3698,0.0
3724,0.0
3736,0.0
3788,0.0
3805,0.0
3837,0.0
3901,0.0
3927,0.0
3956,0.0
4004,0.0
4016,0.0
4036,0.0
4049,0.0
4057,0.0
4104,0.0
4118,0.0
4150,0.0
4213,0.0
4230,0.0
4243,0.0
4272,0.0
4335,0.0
4346,0.0
4371,0.0
4429,0.0
4441,0.0
4452,0.0
4464,0.0
4477,0.0
4521,0.0
4552,0.0
4567,0.0
4618,0.0
4644,0.0
4653,0.0
4663,0.0
4725,0.0
4756,0.0
4768,0.0
4787,0.0
4829,0.0
4863,0.0
4899,0.0
4935,0.0
4964,0.0
4975,0.0
5026,0.0
5056,0.0
5081,0.0
5090,0.0
5136,0.0
5150,0.0
5180,0.0
5232,0.0
5261,0.0
5292,0.0
5337,0.0
5367,0.0
5401,0.0
5438,0.0
5457,0.0
5487,0.0
5541,0.0
5569,0.0
5596,0.0
5642,0.0
5679,0.0
5700,0.0
5738,0.0
5754,0.0
5787,0.0
5809,0.0
5845,0.0
5877,0.0
5905,0.0
5923,0.0
5958,0.0
5991,0.0
6027,0.0
6052,0.0
6078,0.0
6102,0.0
6125,0.0
6170,0.0
6201,0.0
6229,0.0
6264,0.0
6297,0.0
6331,0.0
6368,0.0
6400,0.0
6418,0.0
6451,0.0
6482,0.0
6516,0.0
6547,0.0
6568,0.0
6599,0.0
6621,0.0
6651,0.0
6672,0.0
6706,0.0
6738,0.0
6773,0.0
6803,0.0
6840,0.0
6877,0.0
6911,0.0
6942,0.0
6975,0.0
7007,0.0
7043,0.0
7079,0.0
7106,0.0
7117,0.0
7137,0.0
7166,0.0
7202,0.0
7234,0.0
7251,0.0
7286,0.0
7317,0.0
7352,0.0
7394,0.0
7425,0.0
7448,0.0
7474,0.0
7509,0.0
7528,0.0
7548,0.0
7575,0.0
7611,0.0
7645,0.0
7674,0.0
7703,0.0
7733,0.0
7768,0.0
7799,0.0
7834,0.0
7864,0.0
7888,0.0
7922,0.0
7950,0.0
7977,0.0
7993,0.0
8022,0.0
8038,0.0
8048,0.0
8056,0.0
8065,0.0
8074,0.0
8082,0.0
8111,0.0
8142,0.0
8152,0.0
8161,0.0
8170,0.0
8179,0.0
8192,0.0
8220,0.0
8235,0.0
8267,0.0
8306,0.0
8336,0.0
8351,0.0
8364,0.0
8372,0.0
8382,0.0
8394,0.0
8413,0.0
8432,0.0
8448,0.0
8478,0.0
8507,0.0
8554,0.0
8585,0.0
8599,0.0
8637,0.0
8686,0.0
8700,0.0
8747,0.0
8780,0.0
8818,0.0
8853,0.0
8891,0.0
8938,0.0
8974,0.0
8991,0.0
9025,0.0
9057,0.0
9074,0.0
9088,0.0
9166,0.0
9185,0.0
9201,0.0
9260,0.0
9290,0.0
9304,0.0
9355,0.0
9373,0.0
9393,0.0
9407,0.0
9431,0.0
9459,0.0
9473,0.0
9488,0.0
9543,0.0
9564,0.0
9590,0.0
9674,0.0
9706,0.0
9758,0.0
9788,0.0
9808,0.0
9843,0.0
9876,0.0
9891,0.0
9923,0.0
9962,0.0
9985,0.0
10018,0.0
10052,0.0
10078,0.0
10111,0.0
10163,0.0
10196,0.0
10250,0.0
10282,0.0
10314,0.0
10363,0.0
10377,0.0
10402,0.0
10434,0.0
10475,0.0
10507,0.0
10519,0.0
10527,0.0
10570,0.0
10606,0.0
10619,0.0
10675,0.0
10693,0.0
10719,0.0
10781,0.0
10812,0.0
10843,0.0
10884,0.0
10918,0.0
10931,0.0
10951,0.0
10991,0.0
11024,0.0
11053,0.0
11094,0.0
11129,0.0
11194,0.0
11215,0.0
11246,0.0
11259,0.0
11296,0.0
11324,0.0
11354,0.0
11404,0.0
11436,0.0
11449,0.0
11498,0.0
11536,0.0
11548,0.0
11575,0.0
11606,0.0
11638,0.0
11670,0.0
11691,0.0
11722,0.0
11759,0.0
11783,0.0
11820,0.0
11853,0.0
11876,0.0
11920,0.0
11954,0.0
11987,0.0
12022,0.0
12051,0.0
12085,0.0
12134,0.0
12146,0.0
12181,0.0
12228,0.0
12262,0.0
12297,0.0
12340,0.0
12367,0.0
12399,0.0
12440,0.0
12461,0.0
12496,0.0
12539,0.0
12567,0.0
12599,0.0
12634,0.0
12662,0.0
12690,0.0
12748,0.0
12780,0.0
12813,0.0
12851,0.0
12884,0.0
12931,0.0
12964,0.0
12984,0.0
13014,0.0
13057,0.0
13085,0.0
13118,0.0
13164,0.0
13198,0.0
13223,0.0
13265,0.0
13300,0.0
13340,0.0
13374,0.0
13409,0.0
13473,0.0
13505,0.0
13538,0.0
13582,0.0
13610,0.0
13636,0.0
13700,0.0
13720,0.0
13781,0.0
13809,0.0
13843,0.0
13893,0.0
13928,0.0
13997,0.0
14013,0.0
14039,0.0
14062,0.0
14111,0.0
14145,0.0
14155,0.0
14174,0.0
14212,0.0
14245,0.0
14306,0.0
14336,0.0
14373,0.0
14418,0.0
14455,0.0
14483,0.0
14554,0.0
14638,0.0
14673,0.0
14693,0.0
14722,0.0
14739,0.0
14771,0.0
14823,0.0
14856,0.0
14887,0.0
14933,0.0
14949,0.0
14979,0.0
15003,0.0
15042,0.0
15072,0.0
15091,0.0
15134,0.0
15161,0.0
15178,0.0
15192,0.0
15231,0.0
15263,0.0
15297,0.0
15339,0.0
15365,0.0
15391,0.0
15438,0.0
15461,0.0
15480,0.0
15546,0.0
15573,0.0
15607,0.0
15645,0.0
15673,0.0
15701,0.0
15749,0.0
15780,0.0
15813,0.0
15855,0.0
15887,0.0
15917,0.0
15951,0.0
15984,0.0
16024,0.0
16059,0.0
16089,0.0
16125,0.0
16160,0.0
16192,0.0
16211,0.0
16260,0.0
16296,0.0
16331,0.0
16370,0.0
16399,0.0
16431,0.0
16467,0.0
16485,0.0
16516,0.0
16566,0.0
16591,0.0
16618,0.0
16638,0.0
16675,0.0
16709,0.0
16738,0.0
16774,0.0
16806,0.0
16845,0.0
16886,0.0
16902,0.0
16935,0.0
16962,0.0
17001,0.0
17036,0.0
17071,0.0
17113,0.0
17144,0.0
17183,0.0
17218,0.0
17234,0.0
17267,0.0
17304,0.0
17337,0.0
17359,0.0
17375,0.0
17404,0.0
17422,0.0
17447,0.0
17458,0.0
17471,0.0
17506,0.0
17526,0.0
17547,0.0
17559,0.0
17606,0.0
17627,0.0
17636,0.0
17646,0.0
17667,0.0
17707,0.0
17740,0.0
17752,0.0
17761,0.0
17772,0.0
17805,0.0
17819,0.0
17829,0.0
17839,0.0
17850,0.0
17861,0.0
17874,0.0
17912,0.0
17924,0.0
17934,0.0
17945,0.0
17957,0.0
17967,0.0
18003,0.0
18024,0.0
18036,0.0
18047,0.0
18057,0.0
18066,0.0
18076,0.0
18119,0.0
18149,0.0
18163,0.0
18173,0.0
18183,0.0
18217,0.0
18239,0.0
18263,0.0
18326,0.0
18342,0.0
18351,0.0
18389,0.0
18432,0.0
18450,0.0
18459,0.0
18468,0.0
18478,0.0
18488,0.0
18498,0.0
18550,0.0
18568,0.0
18579,0.0
18598,0.0
18649,0.0
18678,0.0
18692,0.0
18706,0.0
18747,0.0
18774,0.0
18786,0.0
18796,0.0
18839,0.0
18870,0.0
18890,0.0
18904,0.0
18949,0.0
18961,0.0
18987,0.0
18999,0.0
19046,0.0
19074,0.0
19087,0.0
19098,0.0
19108,0.0
19148,0.0
19164,0.0
19176,0.0
19190,0.0
19200,0.0
19211,0.0
19253,0.0
19269,0.0
19281,0.0
19294,0.0
19306,0.0
19354,0.0
19374,0.0
19407,0.0
19420,0.0
19466,0.0
19477,0.0
19487,0.0
19497,0.0
19508,0.0
19518,0.0
19557,0.0
19571,0.0
19581,0.0
19620,0.0
19662,0.0
19698,0.0
19709,0.0
19718,0.0
19766,0.0
19800,0.0
19811,0.0
19821,0.0
19832,0.0
19870,0.0
19886,0.0
19895,0.0
19905,0.0
19916,0.0
19974,0.0
20003,0.0
20038,0.0
20081,0.0
20108,0.0
20164,0.0
20183,0.0
20193,0.0
20225,0.0
20238,0.0
20277,0.0
20295,0.0
20304,0.0
20314,0.0
20326,0.0
20336,0.0
20375,0.0
20404,0.0
20437,0.0
20479,0.0
20513,0.0
20526,0.0
20535,0.0
20573,0.0
20589,0.0
20599,0.0
20609,0.0
20620,0.0
20630,0.0
20640,0.0
20682,0.0
20697,0.0
20709,0.0
20719,0.0
20730,0.0
20739,0.0
20783,0.0
20797,0.0
20807,0.0
20817,0.0
20829,0.0
20838,0.0
20880,0.0
20911,0.0
20947,0.0
20988,0.0
21004,0.0
21025,0.0
21037,0.0
21048,0.0
21082,0.0
21109,0.0
21119,0.0
21129,0.0
21194,0.0
21209,0.0
21223,0.0
21256,0.0
21308,0.0
21319,0.0
21329,0.0
21339,0.0
21401,0.0
21434,0.0
21447,0.0
21457,0.0
21508,0.0
21523,0.0
21533,0.0
21543,0.0
21578,0.0
21620,0.0
21634,0.0
21642,0.0
21651,0.0
21662,0.0
21672,0.0
21717,0.0
21731,0.0
21743,0.0
21753,0.0
21764,0.0
21813,0.0
21834,0.0
21865,0.0
21879,0.0
21927,0.0
21941,0.0
21951,0.0
22016,0.0
22028,0.0
22041,0.0
22052,0.0
22077,0.0
22117,0.0
22152,0.0
22166,0.0
22176,0.0
22185,0.0
22233,0.0
22255,0.0
22287,0.0
22333,0.0
22356,0.0
22366,0.0
22377,0.0
22388,0.0
22430,0.0
22468,0.0
22481,0.0
22530,0.0
22563,0.0
22599,0.0
22637,0.0
22652,0.0
22661,0.0
22671,0.0
22710,0.0
22753,0.0
22789,0.0
22801,0.0
22846,0.0
22861,0.0
22895,0.0
22906,0.0
22949,0.0
22964,0.0
22975,0.0
22985,0.0
23050,0.0
23088,0.0
23149,0.0
23173,0.0
23184,0.0
23197,0.0
23250,0.0
23268,0.0
23301,0.0
23312,0.0
23355,0.0
23370,0.0
23383,0.0
23394,0.0
23404,0.0
23414,0.0
23459,0.0
23471,0.0
23481,0.0
23491,0.0
23503,0.0
23553,0.0
23568,0.0
23607,0.0
23651,0.0
23666,0.0
23675,0.0
23702,0.0
23712,0.0
23723,0.0
23769,0.0
23786,0.0
23798,0.0
23814,0.0
23849,0.0
23873,0.0
23889,0.0
23916,0.0
23926,0.0
23969,0.0
23980,0.0
23990,0.0
24000,0.0
24012,0.0
24022,0.0
24038,0.0
24069,0.0
24085,0.0
24094,0.0
24121,0.0
24131,0.0
24175,0.0
24186,0.0
24196,0.0
24205,0.0
24269,0.0
24305,0.0
24319,0.0
24329,0.0
24342,0.0
24386,0.0
24401,0.0
24411,0.0
24441,0.0
24479,0.0
24496,0.0
24507,0.0
24526,0.0
24557,0.0
24592,0.0
24606,0.0
24616,0.0
24626,0.0
24637,0.0
24647,0.0
24688,0.0
24703,0.0
24712,0.0
24722,0.0
24734,0.0
24744,0.0
24776,0.0
24810,0.0
24826,0.0
24840,0.0
24891,0.0
24912,0.0
24928,0.0
24947,0.0
25007,0.0
25036,0.0
25084,0.0
25102,0.0
25116,0.0
25130,0.0
25145,0.0
25190,0.0
25209,0.0
25240,0.0
25253,0.0
25272,0.0
25317,0.0
25343,0.0
25355,0.0
25375,0.0
25408,0.0
25422,0.0
25454,0.0
25497,0.0
25515,0.0
25531,0.0
25548,0.0
25564,0.0
25600,0.0
25621,0.0
25634,0.0
25649,0.0
25664,0.0
25700,0.0
25719,0.0
25735,0.0
25750,0.0
25768,0.0
25815,0.0
25830,0.0
25863,0.0
25899,0.0
25919,0.0
25934,0.0
25950,0.0
25963,0.0
25983,0.0
26018,0.0
26033,0.0
26065,0.0
26097,0.0
26121,0.0
26133,0.0
26149,0.0
26161,0.0
26173,0.0
26209,0.0
26247,0.0
26257,0.0
26269,0.0
26309,0.0
26327,0.0
26355,0.0
26366,0.0
26404,0.0
26423,0.0
26437,0.0
26449,0.0
26460,0.0
26470,0.0
26493,0.0
26520,0.0
26559,0.0
26602,0.0
26626,0.0
26640,0.0
26693,0.0
26731,0.0
26745,0.0
26779,0.0
26823,0.0
26837,0.0
26849,0.0
26860,0.0
26919,0.0
26940,0.0
26953,0.0
26974,0.0
26985,0.0
27027,0.0
27042,0.0
27052,0.0
27084,0.0
27101,0.0
27128,0.0
27145,0.0
27155,0.0
27165,0.0
27178,0.0
27189,0.0
27213,0.0
27241,0.0
27260,0.0
27292,0.0
27334,0.0
27349,0.0
27360,0.0
27381,0.0
27393,0.0
27404,0.0
27442,0.0
27476,0.0
27514,0.0
27551,0.0
27567,0.0
27576,0.0
27618,0.0
27655,0.0
27669,0.0
27700,0.0
27712,0.0
27727,0.0
27762,0.0
27797,0.0
27808,0.0
27820,0.0
27850,0.0
27869,0.0
27881,0.0
27895,0.0
27905,0.0
27916,0.0
27928,0.0
27965,0.0
27980,0.0
28013,0.0
28023,0.0
28037,0.0
28073,0.0
28086,0.0
28097,0.0
28108,0.0
28119,0.0
28130,0.0
28163,0.0
28182,0.0
28194,0.0
28205,0.0
28216,0.0
28226,0.0
28248,0.0
28276,0.0
28290,0.0
28302,0.0
28312,0.0
28322,0.0
28355,0.0
28376,0.0
28388,0.0
28418,0.0
28430,0.0
28445,0.0
28462,0.0
28490,0.0
28526,0.0
28538,0.0
28556,0.0
28585,0.0
28600,0.0
28638,0.0
28655,0.0
28689,0.0
28719,0.0
28732,0.0
28743,0.0
28763,0.0
28802,0.0
28817,0.0
28828,0.0
28841,0.0
28858,0.0
28907,0.0
28923,0.0
28937,0.0
28952,0.0
28970,0.0
29000,0.0
29036,0.0
29051,0.0
29069,0.0
29101,0.0
29131,0.0
29148,0.0
29166,0.0
29194,0.0
29211,0.0
29238,0.0
29266,0.0
29287,0.0
29307,0.0
29324,0.0
29338,0.0
29352,0.0
29373,0.0
29394,0.0
29413,0.0
29431,0.0
29445,0.0
29462,0.0
29483,0.0
29519,0.0
29543,0.0
29575,0.0
29620,0.0
29651,0.0
29685,0.0
29715,0.0
29750,0.0
29763,0.0
29783,0.0
29821,0.0
29834,0.0
29845,0.0
29855,0.0
29890,0.0
29916,0.0
29928,0.0
29962,0.0
29978,0.0
29995,0.0
30022,0.0
30037,0.0
30048,0.0
30059,0.0
30069,0.0
30085,0.0
30107,0.0
30126,0.0
30138,0.0
30152,0.0
30163,0.0
30174,0.0
30191,0.0
30235,0.0
30253,0.0
30269,0.0
30297,0.0
30328,0.0
30345,0.0
30358,0.0
30370,0.0
30390,0.0
30419,0.0
30455,0.0
30474,0.0
30507,0.0
30536,0.0
30553,0.0
30590,0.0
30616,0.0
30640,0.0
30676,0.0
30692,0.0
30727,0.0
30765,0.0
30784,0.0
30801,0.0
30833,0.0
30846,0.0
30857,0.0
30867,0.0
30900,0.0
30930,0.0
30944,0.0
30956,0.0
30967,0.0
30979,0.0
31013,0.0
31037,0.0
31054,0.0
31065,0.0
31077,0.0
31088,0.0
31107,0.0
31142,0.0
31156,0.0
31168,0.0
31179,0.0
31191,0.0
31207,0.0
31234,0.0
31265,0.0
31277,0.0
31288,0.0
31299,0.0
31316,0.0
31346,0.0
31382,0.0
31395,0.0
31415,0.0
31443,0.0
31456,0.0
31468,0.0
31479,0.0
31491,0.0
31502,0.0
31521,0.0
31548,0.0
31564,0.0
31581,0.0
31594,0.0
31615,0.0
31648,0.0
31664,0.0
31676,0.0
31686,0.0
31699,0.0
31714,0.0
31739,0.0
31760,0.0
31773,0.0
31784,0.0
31794,0.0
31808,0.0
31852,0.0
31867,0.0
31881,0.0
31919,0.0
31947,0.0
31970,0.0
31983,0.0
32012,0.0
32029,0.0
32062,0.0
32097,0.0
32109,0.0
32123,0.0
32146,0.0
32168,0.0
32182,0.0
32193,0.0
32204,0.0
32236,0.0
32262,0.0
32278,0.0
32291,0.0
32302,0.0
32312,0.0
32345,0.0
32371,0.0
32384,0.0
32395,0.0
32429,0.0
32466,0.0
32484,0.0
32520,0.0
32565,0.0
32600,0.0
32613,0.0
32625,0.0
32636,0.0
32670,0.0
32688,0.0
32698,0.0
32710,0.0
32721,0.0
32732,0.0
32747,0.0
32785,0.0
32801,0.0
32813,0.0
32842,0.0
32869,0.0
32890,0.0
32922,0.0
32933,0.0
32947,0.0
32981,0.0
32998,0.0
33009,0.0
33019,0.0
33077,0.0
33100,0.0
33111,0.0
33123,0.0
33134,0.0
33145,0.0
33186,0.0
33202,0.0
33212,0.0
33246,0.0
33274,0.0
33305,0.0
33316,0.0
33327,0.0
33338,0.0
33350,0.0
33380,0.0
33407,0.0
33419,0.0
33432,0.0
33444,0.0
33461,0.0
33511,0.0
33527,0.0
33538,0.0
33553,0.0
33613,0.0
33626,0.0
33637,0.0
33648,0.0
33667,0.0
33704,0.0
33717,0.0
33727,0.0
33738,0.0
33751,0.0
33768,0.0
33797,0.0
33813,0.0
33824,0.0
33835,0.0
33847,0.0
33857,0.0
33889,0.0
33910,0.0
33922,0.0
33934,0.0
33945,0.0
33957,0.0
34008,0.0
34024,0.0
34035,0.0
34046,0.0
34059,0.0
34073,0.0
34110,0.0
34126,0.0
34138,0.0
34150,0.0
34160,0.0
34172,0.0
34212,0.0
34228,0.0
34250,0.0
34263,0.0
34273,0.0
34320,0.0
34331,0.0
34342,0.0
34352,0.0
34415,0.0
34438,0.0
34449,0.0
34463,0.0
34474,0.0
34486,0.0
34528,0.0
34540,0.0
34553,0.0
34583,0.0
34629,0.0
34646,0.0
34657,0.0
34668,0.0
34678,0.0
34719,0.0
34759,0.0
34771,0.0
34783,0.0
34824,0.0
34841,0.0
34851,0.0
34862,0.0
34873,0.0
34886,0.0
34925,0.0
34941,0.0
34952,0.0
34964,0.0
34976,0.0
34987,0.0
35023,0.0
35045,0.0
35060,0.0
35078,0.0
35130,0.0
35153,0.0
35174,0.0
35190,0.0
35232,0.0
35252,0.0
35269,0.0
35286,0.0
35332,0.0
35350,0.0
35367,0.0
35424,0.0
35442,0.0
35458,0.0
35474,0.0
35528,0.0
35545,0.0
35561,0.0
35593,0.0
35640,0.0
35671,0.0
35686,0.0
35729,0.0
35749,0.0
35767,0.0
35783,0.0
35839,0.0
35854,0.0
35867,0.0
35882,0.0
35894,0.0
35939,0.0
35955,0.0
35969,0.0
35997,0.0
36037,0.0
36055,0.0
36068,0.0
36082,0.0
36097,0.0
36125,0.0
36152,0.0
36180,0.0
36194,0.0
36211,0.0
36246,0.0
36286,0.0
36299,0.0
36336,0.0
36365,0.0
36381,0.0
36395,0.0
36408,0.0
36446,0.0
36467,0.0
36495,0.0
36546,0.0
36569,0.0
36583,0.0
36622,0.0
36664,0.0
36680,0.0
36692,0.0
36747,0.0
36773,0.0
36785,0.0
36795,0.0
36807,0.0
36818,0.0
36866,0.0
36905,0.0
36917,0.0
36961,0.0
36978,0.0
36988,0.0
37001,0.0
37012,0.0
37022,0.0
37074,0.0
37088,0.0
37099,0.0
37111,0.0
37124,0.0
37165,0.0
37183,0.0
37208,0.0
37219,0.0
37230,0.0
37275,0.0
37290,0.0
37301,0.0
37328,0.0
37339,0.0
37383,0.0
37397,0.0
37408,0.0
37419,0.0
37430,0.0
37482,0.0
37498,0.0
37509,0.0
37521,0.0
37532,0.0
37543,0.0
37584,0.0
37600,0.0
37612,0.0
37623,0.0
37635,0.0
37647,0.0
37695,0.0
37707,0.0
37720,0.0
37730,0.0
37743,0.0
37787,0.0
37800,0.0
37813,0.0
37824,0.0
37835,0.0
37847,0.0
37891,0.0
37903,0.0
37914,0.0
37926,0.0
37937,0.0
37949,0.0
37995,0.0
38007,0.0
38018,0.0
38029,0.0
38043,0.0
38054,0.0
38096,0.0
38112,0.0
38125,0.0
38141,0.0
38152,0.0
38190,0.0
38210,0.0
38223,0.0
38235,0.0
38247,0.0
38259,0.0
38298,0.0
38313,0.0
38324,0.0
38336,0.0
38350,0.0
38367,0.0
38409,0.0
38424,0.0
38437,0.0
38453,0.0
38471,0.0
38509,0.0
38523,0.0
38537,0.0
38552,0.0
38564,0.0
38603,0.0
38619,0.0
38631,0.0
38662,0.0
38713,0.0
38727,0.0
38737,0.0
38749,0.0
38761,0.0
38805,0.0
38842,0.0
38865,0.0
38910,0.0
38928,0.0
38941,0.0
38955,0.0
38971,0.0
39015,0.0
39030,0.0
39041,0.0
39056,0.0
39071,0.0
39118,0.0
39147,0.0
39160,0.0
39216,0.0
39233,0.0
39246,0.0
39260,0.0
39274,0.0
39320,0.0
39335,0.0
39349,0.0
39364,0.0
39379,0.0
39427,0.0
39440,0.0
39452,0.0
39514,0.0
39535,0.0
39548,0.0
39563,0.0
39576,0.0
39626,0.0
39639,0.0
39651,0.0
39665,0.0
39679,0.0
39723,0.0
39741,0.0
39755,0.0
39770,0.0
39784,0.0
39824,0.0
39842,0.0
39874,0.0
39886,0.0
39918,0.0
39941,0.0
39952,0.0
39965,0.0
39977,0.0
39987,0.0
40021,0.0
40059,0.0
40083,0.0
40098,0.0
40138,0.0
40170,0.0
40186,0.0
40199,0.0
40247,0.0
40259,0.0
40270,0.0
40282,0.0
40293,0.0
40341,0.0
40354,0.0
40385,0.0
40398,0.0
40440,0.0
40456,0.0
40468,0.0
40487,0.0
40532,0.0
40554,0.0
40565,0.0
40578,0.0
40588,0.0
40599,0.0
40635,0.0
40656,0.0
40695,0.0
40708,0.0
40756,0.0
40769,0.0
40781,0.0
40791,0.0
40852,0.0
40868,0.0
40879,0.0
40891,0.0
40903,0.0
40952,0.0
40970,0.0
40982,0.0
40993,0.0
41006,0.0
41016,0.0
41061,0.0
41075,0.0
41086,0.0
41097,0.0
41156,0.0
41177,0.0
41209,0.0
41221,0.0
41260,0.0
41281,0.0
41293,0.0
41307,0.0
41334,0.0
41378,0.0
41393,0.0
41406,0.0
41467,0.0
41485,0.0
41496,0.0
41509,0.0
41521,0.0
41533,0.0
41545,0.0
41593,0.0
41606,0.0
41618,0.0
41630,0.0
41641,0.0
41685,0.0
41701,0.0
41714,0.0
41728,0.0
41740,0.0
41750,0.0
41791,0.0
41826,0.0
41838,0.0
41850,0.0
41893,0.0
41909,0.0
41921,0.0
41933,0.0
41993,0.0
42009,0.0
42020,0.0
42033,0.0
42044,0.0
42058,0.0
42104,0.0
42115,0.0
42127,0.0
42138,0.0
42151,0.0
42191,0.0
42209,0.0
42222,0.0
42237,0.0
42249,0.0
42265,0.0
42309,0.0
42324,0.0
42361,0.0
42403,0.0
42419,0.0
42430,0.0
42442,0.0
42455,0.0
42469,0.0
42511,0.0
42527,0.0
42559,0.0
42578,0.0
42619,0.0
42632,0.0
42646,0.0
42661,0.0
42679,0.0
42724,0.0
42734,0.0
42746,0.0
42757,0.0
42769,0.0
42818,0.0
42833,0.0
42845,0.0
42857,0.0
42870,0.0
42910,0.0
42926,0.0
42963,0.0
42975,0.0
43017,0.0
43032,0.0
43044,0.0
43056,0.0
43110,0.0
43130,0.0
43158,0.0
43169,0.0
43182,0.0
43221,0.0
43237,0.0
43248,0.0
43260,0.0
43292,0.0
43334,0.0
43351,0.0
43362,0.0
43374,0.0
43387,0.0
43422,0.0
43442,0.0
43454,0.0
43467,0.0
43478,0.0
43489,0.0
43522,0.0
43547,0.0
43560,0.0
43571,0.0
43583,0.0
43596,0.0
43641,0.0
43655,0.0
43666,0.0
43678,0.0
43690,0.0
43714,0.0
43742,0.0
43756,0.0
43797,0.0
43843,0.0
43861,0.0
43875,0.0
43888,0.0
43940,0.0
43956,0.0
43989,0.0
44002,0.0
44036,0.0
44058,0.0
44072,0.0
44083,0.0
44095,0.0
44106,0.0
44151,0.0
44165,0.0
44176,0.0
44187,0.0
44199,0.0
44210,0.0
44253,0.0
44294,0.0
44306,0.0
44320,0.0
44368,0.0
44390,0.0
44401,0.0
44413,0.0
44457,0.0
44473,0.0
44485,0.0
44508,0.0
44521,0.0
44568,0.0
44580,0.0
44610,0.0
44627,0.0
44667,0.0
44680,0.0
44692,0.0
44704,0.0
44716,0.0
44758,0.0
44777,0.0
44788,0.0
44799,0.0
44812,0.0
44824,0.0
44874,0.0
44911,0.0
44970,0.0
44987,0.0
44998,0.0
45012,0.0
45023,0.0
45035,0.0
45066,0.0
45087,0.0
45114,0.0
45126,0.0
45138,0.0
45183,0.0
45222,0.0
45234,0.0
45247,0.0
45296,0.0
45307,0.0
45319,0.0
45331,0.0
45344,0.0
45386,0.0
45412,0.0
45434,0.0
45453,0.0
45472,0.0
45519,0.0
45540,0.0
45574,0.0
45603,0.0
45624,0.0
45644,0.0
45663,0.0
45690,0.0
45715,0.0
45732,0.0
45748,0.0
45805,0.0
45822,0.0
45838,0.0
45855,0.0
45899,0.0
45917,0.0
45933,0.0
45949,0.0
45964,0.0
45996,0.0
46033,0.0
46048,0.0
46062,0.0
46088,0.0
46114,0.0
46145,0.0
46162,0.0
46191,0.0
46216,0.0
46232,0.0
46267,0.0
46290,0.0
46311,0.0
46331,0.0
46349,0.0
46363,0.0
46385,0.0
46416,0.0
46432,0.0
46445,0.0
46481,0.0
46512,0.0
46531,0.0
46545,0.0
46559,0.0
46576,0.0
46596,0.0
46624,0.0
46643,0.0
46683,0.0
46714,0.0
46733,0.0
46747,0.0
46760,0.0
46776,0.0
46803,0.0
46830,0.0
46849,0.0
46865,0.0
46884,0.0
46908,0.0
46941,0.0
46954,0.0
46967,0.0
46980,0.0
47005,0.0
47029,0.0
47044,0.0
47056,0.0
47067,0.0
47079,0.0
47110,0.0
47136,0.0
47150,0.0
47162,0.0
47174,0.0
47189,0.0
47231,0.0
47245,0.0
47258,0.0
47271,0.0
47283,0.0
47302,0.0
47335,0.0
47349,0.0
47361,0.0
47373,0.0
47386,0.0
47409,0.0
47439,0.0
47454,0.0
47466,0.0
47506,0.0
47540,0.0
47556,0.0
47568,0.0
47579,0.0
47591,0.0
47628,0.0
47650,0.0
47663,0.0
47675,0.0
47687,0.0
47703,0.0
47743,0.0
47757,0.0
47769,0.0
47781,0.0
47794,0.0
47834,0.0
47852,0.0
47863,0.0
47876,0.0
47887,0.0
47899,0.0
47927,0.0
47950,0.0
47964,0.0
47977,0.0
48017,0.0
48048,0.0
48089,0.0
48105,0.0
48125,0.0
48151,0.0
48170,0.0
48183,0.0
48194,0.0
48207,0.0
48240,0.0
48263,0.0
48275,0.0
48299,0.0
48318,0.0
48339,0.0
48363,0.0
48377,0.0
48390,0.0
48402,0.0
48419,0.0
48447,0.0
48476,0.0
48488,0.0
48500,0.0
48512,0.0
48532,0.0
48558,0.0
48581,0.0
48599,0.0
48620,0.0
48635,0.0
48657,0.0
48677,0.0
48696,0.0
48709,0.0
48726,0.0
48749,0.0
48784,0.0
48795,0.0
48839,0.0
48882,0.0
48896,0.0
48908,0.0
48936,0.0
48970,0.0
48986,0.0
48999,0.0
49039,0.0
49060,0.0
49085,0.0
49101,0.0
49139,0.0
49169,0.0
49196,0.0
49225,0.0
49250,0.0
49272,0.0
49293,0.0
49311,0.0
49325,0.0
49348,0.0
49371,0.0
49389,0.0
49406,0.0
49421,0.0
49440,0.0
49462,0.0
49484,0.0
49503,0.0
49517,0.0
49537,0.0
49558,0.0
49582,0.0
49601,0.0
49617,0.0
49648,0.0
49673,0.0
49693,0.0
49712,0.0
49728,0.0
49755,0.0
49776,0.0
49796,0.0
49821,0.0
49842,0.0
49875,0.0
49896,0.0
49913,0.0
49928,0.0
49964,0.0
49986,0.0
50007,0.0
50025,0.0
50059,0.0
50076,0.0
50096,0.0
50110,0.0
50122,0.0
50134,0.0
50150,0.0
50170,0.0
50193,0.0
50213,0.0
50228,0.0
50240,0.0
50261,0.0
50282,0.0
50315,0.0
50330,0.0
50348,0.0
50368,0.0
50389,0.0
50408,0.0
50431,0.0
50444,0.0
50463,0.0
50490,0.0
50522,0.0
50553,0.0
50578,0.0
50609,0.0
50624,0.0
50640,0.0
50656,0.0
50682,0.0
50711,0.0
50731,0.0
50746,0.0
50764,0.0
50786,0.0
50813,0.0
50833,0.0
50847,0.0
50859,0.0
50877,0.0
50916,0.0
50930,0.0
50943,0.0
50955,0.0
50984,0.0
51006,0.0
51024,0.0
51053,0.0
51068,0.0
51088,0.0
51114,0.0
51146,0.0
51159,0.0
51173,0.0
51196,0.0
51222,0.0
51242,0.0
51255,0.0
51267,0.0
51301,0.0
51332,0.0
51367,0.0
51403,0.0
51425,0.0
51461,0.0
51488,0.0
51520,0.0
51542,0.0
51579,0.0
51597,0.0
51634,0.0
51658,0.0
51693,0.0
51718,0.0
51755,0.0
51768,0.0
51801,0.0
51819,0.0
51851,0.0
51866,0.0
51901,0.0
51919,0.0
51950,0.0
51986,0.0
52020,0.0
52051,0.0
52085,0.0
52115,0.0
52137,0.0
52159,0.0
52172,0.0
52196,0.0
52218,0.0
52252,0.0
52289,0.0
52308,0.0
52345,0.0
52384,0.0
52415,0.0
52440,0.0
52473,0.0
52500,0.0
52525,0.0
52551,0.0
52581,0.0
52609,0.0
52647,0.0
52682,0.0
52715,0.0
52746,0.0
52777,0.0
52792,0.0
52813,0.0
52839,0.0
52862,0.0
52899,0.0
52928,0.0
52963,0.0
52979,0.0
52992,0.0
53026,0.0
53061,0.0
53095,0.0
53120,0.0
53155,0.0
53178,0.0
53211,0.0
53233,0.0
53267,0.0
53306,0.0
53339,0.0
53374,0.0
53411,0.0
53442,0.0
53473,0.0
53500,0.0
53532,0.0
53549,0.0
53584,0.0
53610,0.0
53641,0.0
53664,0.0
53700,0.0
53732,0.0
53768,0.0
53798,0.0
53833,0.0
53866,0.0
53899,0.0
53924,0.0
53957,0.0
53972,0.0
53997,0.0
54037,0.0
54069,0.0
54088,0.0
54105,0.0
54138,0.0
54169,0.0
54205,0.0
54217,0.0
54250,0.0
54273,0.0
54305,0.0
54330,0.0
54361,0.0
54387,0.0
54404,0.0
54440,0.0
54459,0.0
54474,0.0
54495,0.0
54510,0.0
54525,0.0
54543,0.0
54562,0.0
54576,0.0
54598,0.0
54614,0.0
54626,0.0
54640,0.0
54670,0.0
54689,0.0
54707,0.0
54721,0.0
54735,0.0
54752,0.0
54774,0.0
54796,0.0
54819,0.0
54834,0.0
54853,0.0
54882,0.0
54906,0.0
54920,0.0
54954,0.0
54975,0.0
54990,0.0
55013,0.0
55028,0.0
55042,0.0
55062,0.0
55082,0.0
55102,0.0
55130,0.0
55146,0.0
55168,0.0
55189,0.0
55211,0.0
55236,0.0
55254,0.0
55276,0.0
55297,0.0
55319,0.0
55340,0.0
55357,0.0
55374,0.0
55392,0.0
55411,0.0
55428,0.0
55442,0.0
55456,0.0
55475,0.0
55492,0.0
55513,0.0
55529,0.0
55543,0.0
55556,0.0
55574,0.0
55592,0.0
55620,0.0
55644,0.0
55670,0.0
55706,0.0
55744,0.0
55765,0.0
55803,0.0
55827,0.0
55861,0.0
55882,0.0
55905,0.0
55926,0.0
55945,0.0
55967,0.0
55990,0.0
56012,0.0
56035,0.0
56054,0.0
56075,0.0
56096,0.0
56123,0.0
56144,0.0
56164,0.0
56186,0.0
56206,0.0
56227,0.0
56248,0.0
56266,0.0
56306,0.0
56328,0.0
56349,0.0
56370,0.0
56392,0.0
56412,0.0
56434,0.0
56454,0.0
56474,0.0
56495,0.0
56533,0.0
56551,0.0
56568,0.0
56590,0.0
56611,0.0
56635,0.0
56657,0.0
56676,0.0
56697,0.0
56718,0.0
56741,0.0
56760,0.0
56775,0.0
56797,0.0
56818,0.0
56841,0.0
56866,0.0
56887,0.0
56907,0.0
56929,0.0
56952,0.0
56972,0.0
56994,0.0
57015,0.0
57037,0.0
57056,0.0
57079,0.0
57102,0.0
57119,0.0
57141,0.0
57178,0.0
57201,0.0
57216,0.0
57231,0.0
57249,0.0
57268,0.0
57288,0.0
57306,0.0
57332,0.0
57363,0.0
57378,0.0
57397,0.0
57414,0.0
57430,0.0
57447,0.0
57467,0.0
57485,0.0
57503,0.0
57519,0.0
57532,0.0
57549,0.0
57569,0.0
57592,0.0
57610,0.0
57625,0.0
57636,0.0
57652,0.0
57671,0.0
57697,0.0
57715,0.0
57729,0.0
57742,0.0
57774,0.0
57794,0.0
57813,0.0
57828,0.0
57867,0.0
57903,0.0
57939,0.0
57976,0.0
57999,0.0
58027,0.0
58044,0.0
58058,0.0
58080,0.0
58116,0.0
58150,0.0
58194,0.0
58223,0.0
58248,0.0
58294,0.0
58326,0.0
58358,0.0
58382,0.0
58425,0.0
58460,0.0
58485,0.0
58525,0.0
58562,0.0
58579,0.0
58619,0.0
58648,0.0
58679,0.0
58695,0.0
58733,0.0
58768,0.0
58796,0.0
58839,0.0
58879,0.0
58937,0.0
58969,0.0
58984,0.0
59030,0.0
59065,0.0
59100,0.0
59137,0.0
59162,0.0
59193,0.0
59253,0.0
59285,0.0
59313,0.0
59355,0.0
59388,0.0
59455,0.0
59481,0.0
59509,0.0
59559,0.0
59595,0.0
59668,0.0
59693,0.0
59728,0.0
59775,0.0
59796,0.0
59836,0.0
59879,0.0
59915,0.0
59975,0.0
60016,0.0
60072,0.0
60095,0.0
60122,0.0
60183,0.0
60221,0.0
60285,0.0
60317,0.0
60351,0.0
60400,0.0
60417,0.0
60452,0.0
60488,-0.17
60536,-0.17
60604,-0.6
60620,22.22
60640,12.48
60673,7.08
60718,0.0
60751,0.0
60804,154.26999999999998
60834,177.01999999999998
60867,179.37
60918,179.95999999999998
60948,180.22
61015,180.35999999999999
61037,180.45
61055,180.51
61071,180.54999999999998
61114,180.59
61131,180.60999999999999
61144,180.63
61177,180.65
61226,180.67
61242,180.68
61258,180.69
61274,180.7
61294,180.7
61333,180.70999999999998
61349,180.72
61364,117.04999999999998
61381,8144.61
61434,210.39
61448,180.93
61461,180.85999999999999
61478,180.84
61530,180.82999999999998
61547,180.82999999999998
61560,180.82999999999998
61574,180.82999999999998
61611,180.82999999999998
61642,180.82
61656,180.82
61669,180.82
61682,180.82
61727,180.82
61744,180.82
61757,180.82
61771,180.82
61784,180.82
61830,180.82
61846,180.82
61858,180.82
61871,180.82
61886,180.82
61931,180.82
61951,180.82
61979,180.82
61998,180.82
62042,180.82
62058,180.82
62072,180.82
62087,180.82
62129,180.82
62148,180.82
62161,180.82
62176,180.82
62189,180.82
62229,180.82
62250,180.82
62262,180.82
62275,180.82
62288,180.82
62302,180.82
62347,180.82
62361,180.82
62373,180.82
62388,180.82
62402,180.82
62439,180.82
62460,180.82
62473,180.82
62488,180.82
62501,180.82
62540,180.82
62561,180.82
62574,180.82
62589,180.82
62601,180.82
62634,180.82
62656,180.82
62669,180.82
62683,180.82
62695,180.82
62713,180.82
62736,180.82
62762,180.82
62778,180.82
62789,180.82
62803,180.82
62825,180.82
62858,180.82
62874,180.82
62887,180.82
62901,180.82
62931,180.82
62957,180.82
62973,180.82
62985,180.82
62999,180.82
63014,180.82
63034,180.82
63059,180.82
63082,180.82
63095,180.82
63108,180.82
63131,180.82
63159,180.82
63179,180.82
63192,180.82
63205,180.82
63228,180.82
63255,180.82
63275,180.82
63288,180.82
63301,180.82
63317,180.82
63340,180.82
63377,180.82
63391,180.82
63404,180.82
63418,180.82
63453,180.82
63473,180.82
63489,180.82
63502,180.82
63516,180.82
63534,180.82
63562,180.82
63585,180.82
63608,180.82
63622,180.82
63641,180.82
63671,180.82
63691,180.82
63722,180.82
63745,180.82
63767,180.82
63786,180.82
63823,180.82
63845,180.82
63866,180.82
63888,180.82
63904,180.82
63918,180.82
63935,180.82
63966,180.82
63986,180.82
64002,180.82
64016,180.82
64030,180.82
64055,180.82
64079,180.82
64101,180.82
64117,180.82
64133,180.82
64156,180.82
64180,180.82
64199,180.82
64213,180.82
64227,180.82
64244,180.82
64266,180.82
64292,180.82
64308,180.82
64322,180.82
64336,180.82
64358,180.82
64381,180.82
64401,180.82
64416,180.82
64445,180.82
64465,180.82
64488,180.82
64509,180.82
64522,180.82
64536,180.82
64555,180.82
64577,180.82
64615,180.82
64630,180.82
64646,180.82
64671,180.82
64699,180.82
64718,180.82
64732,180.82
64746,180.82
64782,180.82
64803,180.82
64817,180.82
64833,180.82
64846,180.82
64868,180.82
64894,180.82
64914,180.82
64930,180.82
64945,180.82
64970,180.82
64999,180.82
65022,180.82
65038,180.82
65057,180.82
65080,180.82
65111,180.82
65137,180.82
65170,180.82
65194,180.82
65215,180.82
65230,180.82
65243,180.82
65261,180.82
65280,180.82
65315,180.82
65329,180.82
65341,180.82
65356,180.82
65389,180.82
65416,180.82
65435,180.82
65451,180.82
65473,180.82
65500,180.82
65524,180.82
65546,180.82
65561,180.82
65583,180.82
65613,180.82
65638,180.82
65657,180.82
65678,180.82
65695,180.82
65718,180.82
65740,180.82
65754,180.82
65771,180.82
65789,180.82
65815,180.82
65834,180.82
65849,180.82
65878,180.82
65907,180.82
65942,180.82
65962,180.82
65984,180.82
66023,180.82
66047,180.82
66071,180.82
66092,180.82
66121,180.82
66145,180.82
66170,180.82
66191,180.82
66218,180.82
66258,180.82
66277,180.82
66301,180.82
66324,180.82
66350,180.82
66371,180.82
66404,180.82
66426,180.82
66460,180.82
66477,180.82
66501,180.82
66520,180.82
66543,180.82
66566,180.82
66587,180.82
66610,180.82
66635,180.82
66659,180.82
66680,180.82
66705,180.82
66742,180.82
66763,180.82
66789,180.82
66811,180.82
66834,180.82
66856,180.82
66875,180.82
66896,180.82
66919,180.82
66958,180.82
66975,180.82
66997,180.82
67019,180.82
67047,180.82
67068,180.82
67085,180.82
67108,180.82
67131,180.82
67156,180.82
67176,180.82
67194,180.82
67217,180.82
67240,180.82
67262,180.82
67283,180.82
67311,180.82
67337,180.82
67359,180.82
67377,180.82
67393,180.82
67418,180.82
67437,180.82
67457,180.82
67473,180.82
67487,180.82
67509,180.82
67527,180.82
67552,180.82
67570,180.82
67584,180.82
67601,180.82
67622,180.82
67644,180.82
67662,180.82
67677,180.82
67691,180.82
67709,180.82
67731,180.82
67755,180.82
67775,180.82
67788,180.82
67803,180.82
67826,180.82
67846,180.82
67868,180.82
67884,180.82
67898,180.82
67916,180.82
67936,180.82
67962,180.82
67980,180.82
67994,180.82
68009,180.82
68030,180.82
68058,180.82
68076,180.82
68089,180.82
68104,180.82
68119,180.82
68145,180.82
68168,180.82
68187,180.82
68200,180.82
68213,180.82
68239,180.82
68267,180.82
68288,180.82
68327,180.82
68353,180.82
68381,180.82
68396,180.82
68408,180.82
68425,180.82
68454,180.82
68477,180.82
68492,180.82
68505,180.82
68521,180.82
68541,180.82
68576,180.82
68592,180.82
68606,180.82
68622,180.82
68640,180.82
68667,180.82
68687,180.82
68702,180.82
68744,180.82
68772,180.82
68798,180.82
68812,180.82
68826,180.82
68847,180.82
68877,180.82
68898,180.82
68912,180.82
68925,180.82
68944,180.82
68969,180.82
68996,180.82
69011,180.82
69025,180.82
69063,180.82
69091,180.82
69108,180.82
69121,180.82
69135,180.82
69160,180.82
69190,180.82
69225,180.82
69239,180.82
69261,180.82
69285,180.82
69310,180.82
69337,180.82
69360,180.82
69386,180.82
69422,180.82
69439,180.82
69512,180.82
69529,180.82
69548,180.82
69600,180.82
69683,180.82
69726,180.82
69753,180.82
69781,180.82
69827,180.82
69848,180.82
69878,180.79
69923,196.26
69946,190.98999999999998
69972,187.51999999999998
69994,185.42
70020,184.14
70043,183.34
70068,182.79999999999998
70097,182.43
70139,182.16
70161,181.95999999999998
70194,181.81
70224,181.69
70251,181.59
70276,181.51
70301,181.44
70334,181.39
70357,181.34
70385,181.29999999999998
70410,181.26
70435,181.23
70460,181.2
70512,181.18
70538,181.16
70561,181.14
70593,181.12
70619,181.10999999999999
70650,181.09
70673,181.07999999999998
70697,181.07
70720,181.04999999999998
70746,181.04
70769,181.03
70794,181.03
70816,181.01999999999998
70840,181.01
70863,181.0
70887,181.0
70913,180.98999999999998
70942,180.98
70969,180.98
70993,180.97
71020,180.97
71043,180.95999999999998
71063,180.95999999999998
71080,180.95999999999998
71107,180.95
71142,180.95
71164,180.95
71187,180.94
71213,180.94
71239,180.94
71262,180.93
71291,180.93
71316,180.93
71339,180.92
71363,180.92
71382,180.92
71405,180.92
71441,180.92
71461,180.91
71480,180.91
71508,180.91
71532,180.91
71555,180.91
71576,180.9
71599,180.9
71624,180.9
71649,180.9
71665,180.9
71680,180.9
71700,180.9
71726,180.89
71749,180.89
71764,180.89
71778,180.89
71799,180.89
71821,180.89
71847,180.89
71863,180.89
71877,183.23
71895,183.01999999999998
71919,182.82999999999998
71945,182.67
71970,182.51999999999998
71985,182.38
72019,182.26
72047,182.15
72069,182.04999999999998
72082,181.95999999999998
72104,181.89
72131,181.79
72155,181.73
72170,181.67
72184,181.06
72203,181.04
72229,181.01999999999998
72254,181.01
72271,181.0
72308,180.98999999999998
72326,180.98
72350,180.97
72372,180.95999999999998
72386,180.95
72402,180.95
72424,180.94
72451,80.25999999999999
72473,0.0
72492,1487.87
72513,3785.31
72538,3830.15
72561,3830.56
72578,3830.63
72591,3830.66
72611,3830.68
72630,3830.69
72656,3830.69
72673,3830.7
72686,3830.7
72702,3820.67
72724,1703.7600000000002
72749,3159.38
72769,3817.44
72785,3830.17
72799,3830.4900000000002
72815,3830.58
72843,3830.62
72866,3830.64
72881,3830.66
72915,3830.67
72958,3830.68
72979,3830.68
73016,3823.06
73038,2409.11
73071,21846.37
73087,3858.45
73100,3830.77
73116,3830.7400000000002
73138,3830.7400000000002
73169,3830.73
73186,3830.73
73201,3830.73
73218,3830.73
73238,3830.73
73267,3830.73
73306,3830.73
73323,3830.73
73344,3012.52
73371,3801.86
73391,3829.71
73405,3830.37
73419,3830.52
73444,3830.58
73470,3830.61
73491,3830.63
73509,3830.65
73544,3830.66
73568,3848.7400000000002
73589,3841.19
73605,3836.98
73619,3833.17
73656,3725.44
73681,3577.12
73705,3793.1
73720,3826.57
73739,3829.34
73768,3829.94
73786,3830.19
73802,3830.32
73817,3830.4
73832,3830.45
73855,3830.4900000000002
73882,3830.38
73903,3829.31
73917,3829.5
73933,3534.93
73975,3802.64
73996,3828.13
74014,3829.79
74031,3830.17
74070,3830.34
74108,3830.43
74124,3830.48
74139,3830.52
74171,3830.55
74192,3830.57
74206,3830.42
74221,3739.96
74236,3808.69
74280,3838.9900000000002
74297,3833.72
74310,3832.38
74327,3831.83
74343,3831.55
74368,3831.37
74395,3831.26
74412,3831.18
74426,3831.12
74441,3831.07
74469,3831.03
74493,3814.43
74514,7966.120000000001
74530,3860.31
74552,3830.94
74580,7696.8099999999995
74625,3860.35
74657,3830.96
74686,3830.8
74707,3830.77
74721,3830.76
74735,3830.75
74749,3830.75
74778,3830.75
74802,2413.0299999999997
74821,3801.43
74835,4400.59
74855,3856.69
74886,6046.71
74913,3860.28
74930,3831.12
74947,3830.86
74978,3830.81
75006,3830.78
75029,3830.77
75047,3830.76
75069,3830.76
75099,5923.73
75122,4021.78
75140,3833.65
75155,3831.08
75180,3830.91
75210,4700.96
75228,3858.32
75242,8928.68
75260,3860.54
75289,3830.9
75311,3830.79
75327,3830.76
75343,3830.75
75357,3830.7400000000002
75384,3830.73
75410,3830.73
75427,3830.73
75441,3830.73
75456,3830.73
75485,5610.21
75513,3860.17
75532,3831.22
75545,3830.89
75561,3830.83
75587,3830.8
75614,3830.78
75631,3830.77
75647,2383.9700000000003
75663,3801.47
75691,3829.8
75715,3830.41
75731,3830.54
75761,3830.6
75786,3830.63
75814,3830.64
75834,3830.66
75849,3830.67
75864,3830.67
75905,3830.68
75923,3830.68
75938,3830.22
75954,2348.66
75968,3801.37
75993,3830.15
76021,3830.53
76042,5172.85
76056,3858.7
76071,3831.34
76101,3830.94
76129,3830.85
76145,3830.82
76160,3830.8
76185,3830.79
76223,3830.77
76242,1673.5300000000002
76258,3801.2
76276,3830.32
76303,3830.59
76336,3830.65
76370,3830.67
76395,2787.76
76434,3801.75
76484,3829.92
76511,3830.45
76539,3830.56
76563,3830.61
76587,3830.64
76629,2879.23
76650,3801.81
76671,3829.85
76718,3830.43
76740,3830.55
76761,3830.6
76783,3830.63
76821,3786.33
76851,15254.0
76878,3715.23
76910,3830.43
76937,3830.68
76957,3830.7
76977,4561.63
77001,3859.19
77032,3831.85
77055,3831.12
77078,3830.96
77103,3830.9
77132,3830.86
77153,5558.09
77171,3860.13
77200,14138.0
77234,1464.56
77252,3825.15
77299,3829.76
77329,3674.69
77349,3807.45
77365,3827.02
77382,3829.2400000000002
77414,3829.84
77443,3830.1
77463,3830.25
77479,3830.34
77506,3830.41
77533,3830.45
77555,5002.860000000001
77573,4995.99
77597,4995.89
77632,4582.7
77652,3880.44
77667,3832.69
77707,3831.28
77736,3831.04
77755,3830.95
77777,3830.9
77798,3830.86
77835,3830.84
77856,3830.83
77870,3830.81
77885,3830.81
77907,3830.8
77942,3830.79
77959,3830.79
77989,3830.78
78013,3830.78
78047,3830.78
78065,3830.77
78078,3830.77
78094,3830.77
78119,3830.77
78149,3830.76
78164,3830.76
78178,3830.76
78193,3830.76
78225,3830.76
78253,3830.76
78268,3830.76
78281,3830.75
78297,3830.75
78326,3830.75
78354,3830.75
78369,3830.75
78384,3830.75
78399,3830.75
78424,3830.75
78456,3830.75
78472,3830.75
78485,3830.75
78500,3830.75
78523,3830.75
78558,3830.75
78576,3830.75
78590,3830.75
78608,3830.75
78638,3830.75
78661,3830.7400000000002
78677,3830.7400000000002
78691,3830.7400000000002
78706,3830.7400000000002
78733,3830.7400000000002
78765,3830.7400000000002
78781,3830.7400000000002
78795,3830.7400000000002
78812,3830.7400000000002
78841,3830.7400000000002
78870,3830.7400000000002
78885,3830.7400000000002
78899,3830.7400000000002
78916,3830.7400000000002
78944,3830.7400000000002
78971,3830.7400000000002
78986,3830.7400000000002
79000,3830.7400000000002
79016,3830.7400000000002
79040,3830.7400000000002
79074,3830.7400000000002
79095,3830.7400000000002
79110,3830.7400000000002
79131,3830.7400000000002
79173,3830.7400000000002
79190,3830.7400000000002
79204,3830.7400000000002
79219,3830.7400000000002
79242,3830.7400000000002
79277,3830.7400000000002
79293,3830.7400000000002
79308,3830.7400000000002
79324,3830.7400000000002
79373,3830.7400000000002
79389,3830.7400000000002
79403,3830.7400000000002
79420,3830.7400000000002
79461,3830.7400000000002
79482,3830.7400000000002
79496,3830.7400000000002
79512,3830.7400000000002
79526,3830.7400000000002
79559,3830.7400000000002
79586,3830.7400000000002
79605,3830.7400000000002
79619,3830.7400000000002
79633,3830.7400000000002
79659,3830.7400000000002
79686,3830.7400000000002
79704,3830.7400000000002
79718,3830.7400000000002
79733,3830.7400000000002
79760,3830.7400000000002
79788,3830.7400000000002
79804,3830.7400000000002
79819,3830.7400000000002
79836,3830.7400000000002
79886,3830.7400000000002
79903,3830.7400000000002
79918,3830.7400000000002
79939,3830.7400000000002
79991,3830.7400000000002
80007,3830.7400000000002
80026,3830.7400000000002
80052,3830.7400000000002
80091,3830.7400000000002
80113,3830.7400000000002
80131,3830.7400000000002
80175,3830.7400000000002
80198,3830.7400000000002
80217,3830.7400000000002
80233,3830.7400000000002
80278,3830.7400000000002
80299,3830.7400000000002
80319,3830.7400000000002
80336,3830.7400000000002
80361,3830.7400000000002
80391,3830.7400000000002
80413,3830.7400000000002
80430,3830.7400000000002
80449,3830.7400000000002
80478,3830.7400000000002
80503,3830.7400000000002
80523,3830.7400000000002
80539,3830.7400000000002
80566,3830.7400000000002
80604,3830.7400000000002
80624,3830.73
80642,3830.73
80671,3830.73
80702,3830.73
80720,3830.73
80736,3830.73
80758,3830.73
80799,3830.73
80818,3830.73
80834,3830.73
80854,3830.73
80898,3830.73
80917,3830.73
80934,3830.73
80949,3830.73
80984,3830.73
81010,3830.73
81026,3830.73
81040,3830.73
81055,3830.73
81104,3830.73
81119,3830.73
81132,3830.73
81148,3830.73
81190,3830.73
81210,3830.73
81225,3830.73
81239,3830.73
81253,3830.73
81298,3830.73
81316,3830.73
81330,3830.73
81346,3830.73
81374,3830.73
81412,3830.73
81428,3830.73
81442,3830.73
81457,3830.73
81484,3830.73
81517,3830.73
81531,3830.73
81549,3830.73
81568,3830.73
81595,3830.73
81625,3830.73
81641,3830.73
81655,3830.73
81674,3830.73
81699,3830.73
81725,3830.73
81742,3830.73
81756,3830.73
81776,3830.73
81801,3830.73
81825,3830.73
81844,3830.73
81858,3830.73
81880,3830.73
81912,3830.73
81934,3830.73
81948,3830.73
81962,3830.73
81979,3830.73
82019,3830.73
82037,3830.73
82052,3830.73
82067,3830.73
82089,3830.73
82125,3830.73
82144,3830.73
82158,3830.73
82174,3830.73
82207,3830.73
82234,3830.73
82249,3830.73
82263,3830.73
82279,3830.73
82303,3830.73
82336,3830.73
82353,3830.73
82367,3830.73
82383,3830.73
82408,3830.73
82440,3830.73
82456,3830.73
82471,3830.73
82492,3830.73
82521,3830.73
82546,3830.73
82560,3830.73
82575,3830.73
82593,3830.73
82617,3830.73
82647,3830.73
82666,3830.73
82680,3830.73
82698,3830.73
82725,3830.73
82749,3830.73
82765,3830.73
82779,3830.73
82798,3830.73
82826,3830.73
82852,3830.73
82867,3830.73
82881,3830.73
82901,3830.73
82927,3830.73
82952,3830.73
82968,3830.73
82982,3830.73
83001,3830.73
83027,3830.73
83054,3830.73
83069,3830.73
83085,3830.73
83111,3830.73
83136,3830.73
83163,3830.73
83182,3830.73
83196,3830.73
83219,3830.73
83249,3830.73
83270,3830.73
83285,3830.73
83301,3830.73
83328,3830.73
83356,3830.73
83378,3830.73
83419,3830.73
83446,3830.73
83470,3830.73
83485,3830.73
83499,3830.73
83517,3830.73
83544,3830.73
83570,3830.73
83610,3830.73
83632,3830.73
83661,3830.73
83684,3830.73
83698,3830.73
83714,3830.73
83735,3830.73
83765,3830.73
83785,3830.73
83802,3830.73
83825,3830.73
83846,3830.73
83867,3830.73
83891,3830.73
83930,3830.73
83954,3830.73
83990,3830.73
84008,3830.73
84032,3830.73
84056,3830.73
84080,3830.73
84095,3830.73
84110,3830.73
84132,3830.73
84159,3830.73
84189,3830.73
84209,3830.73
84243,3830.73
84264,3830.73
84286,3830.73
84303,3830.73
84318,3830.73
84345,3830.73
84368,3830.73
84397,3830.73
84413,3830.73
84430,3830.73
84453,3830.73
84478,3830.73
84504,3830.73
84522,3830.73
84549,3830.73
84570,3830.73
84599,3830.73
84618,3830.73
84640,3830.73
84663,3830.73
84687,3830.73
84722,3830.73
84756,3830.73
84772,3830.73
84794,3830.73
84816,3830.73
84832,3830.73
84855,3830.73
84873,3830.73
84898,3830.73
84941,3830.73
84961,3830.73
84978,3830.73
85004,3830.73
85045,3830.73
85065,3830.73
85082,3830.73
85105,3830.73
85124,3830.73
85142,3830.73
85164,3830.73
85181,3830.73
85204,3830.73
85228,3830.73
85249,3830.73
85269,3830.73
85288,3830.73
85312,3830.73
85328,3830.73
85349,3830.73
85371,3830.73
85387,3830.73
85409,3830.73
85429,3830.73
85447,3830.73
85470,3830.73
85486,3830.73
85503,3830.73
85525,3830.73
85543,3830.73
85566,3830.73
85585,3830.73
85599,3830.73
85624,3830.73
85643,3830.73
85693,3830.73
85737,3830.73
85753,3830.73
85784,3830.73
85804,3830.73
85829,3830.73
85849,3830.73
85898,3830.73
85928,3830.73
85952,3830.73
85975,3830.73
85995,3830.73
86010,3830.73
86081,3830.73
86101,3830.73
86115,3830.73
86140,3830.73
86159,3830.73
86211,3830.73
86247,3830.73
86271,3830.73
86296,3830.73
86311,3830.73
86372,3830.73
86396,3830.73
86414,3830.73
86434,3830.73
86456,3830.73
86512,3830.73
86559,3830.73
86610,3830.73
86679,3830.73
86716,3830.73
86755,3830.73
86781,3830.73
86810,3830.73
86834,3830.73
86865,3830.73
86893,3830.73
86922,3830.73
86947,3830.73
86973,3830.73
86997,3830.73
87023,3830.73
87046,3830.73
87078,3830.73
87102,3830.73
87125,3830.73
87147,3830.73
87174,3830.73
87199,3830.73
87222,3830.73
87247,3830.73
87271,3830.73
87295,3830.73
87324,3830.73
87346,3830.73
87373,3830.73
87397,3830.73
87427,3830.73
87450,3830.73
87473,3830.73
87497,3830.73
87524,3830.73
87547,3830.73
87574,3830.73
87616,3830.73
87635,3830.73
87675,3830.73
87695,3830.73
87725,3830.73
87751,3830.73
87779,3830.73
87801,3830.73
87831,3830.73
87857,3830.73
87885,3830.73
87907,3830.73
87947,3830.73
87970,3830.73
87995,3830.73
88017,3830.73
88043,3830.73
88077,3830.73
88104,3830.73
88140,3830.73
88169,3830.73
88197,3830.73
88225,3830.73
88251,3830.73
88274,3830.73
88302,3830.73
88328,3830.73
88353,3830.73
88379,3830.73
88403,3830.73
88428,3830.73
88453,3830.73
88477,3830.73
88502,3830.73
88525,3830.73
88550,3830.73
88571,3830.73
88597,3830.73
88631,3830.73
88653,3830.73
88679,3830.73
88702,3830.73
88717,3830.73
88736,3830.73
88761,3830.73
88788,3830.73
88805,3830.73
88843,3830.73
88862,3830.73
88888,3830.73
88906,3830.73
88921,3830.73
88939,3830.73
88961,3830.73
88985,3830.73
89004,3830.73
89021,3830.73
89038,3830.73
89084,3830.73
89110,3830.73
89139,3830.73
89161,3830.73
89199,3830.73
89216,3830.73
89231,3830.73
89248,3830.73
89270,3830.73
89298,3830.73
89316,3830.73
89330,3830.73
89347,3830.73
89369,3830.73
89395,3830.73
89415,3830.73
89430,3830.73
89445,3830.73
89490,3830.73
89520,3830.73
89539,3830.73
89562,3830.73
89602,3830.73
89649,3830.73
89675,3831.32
89704,3831.3
89728,3831.29
89752,3831.28
89776,3831.27
89800,3831.26
89825,3831.25
89848,3831.2400000000002
89865,3831.22
89895,3831.21
89927,3831.2
89945,3831.2
89960,3831.19
89986,3831.18
90015,3831.17
90034,3831.16
90052,3831.15
90078,3831.14
90104,3831.13
90132,3831.13
90162,3831.12
90200,3831.11
90230,3831.1
90266,3831.1
90302,3831.09
90333,3831.08
90367,3831.08
90413,3831.07
90472,3831.06
90516,3831.06
90539,3831.05
90559,3831.05
90587,3831.04
90609,3831.03
90634,3831.03
90656,3831.02
90680,3831.02
90703,3831.01
90728,3831.01
90752,3831.0
90768,3831.0
90794,3831.0
90838,3830.9900000000002
90856,3830.9900000000002
90875,3830.98
90902,3830.98
90925,3830.97
90946,3830.97
90961,3830.97
90976,3830.96
91000,3830.96
91036,3830.96
91055,3830.95
91070,3830.95
91099,3830.95
91130,3830.94
91157,3830.94
91177,3830.94
91201,3830.93
91227,3830.93
91252,3830.93
91269,3830.92
91295,3830.92
91322,3830.92
91355,3830.92
91372,3830.91
91390,3830.91
91415,3830.91
91446,3830.91
91461,3830.9
91476,3830.9
91496,3830.9
91521,3830.9
91549,3830.9
91566,3830.89
91585,3830.89
91610,3830.89
91643,3830.89
91683,3830.89
91700,3830.88
91726,3830.88
91754,3830.88
91772,3830.88
91787,3830.88
91802,3830.87
91826,3830.87
91854,3830.87
91879,3830.87
91899,3830.87
91916,3830.87
91945,3830.86
91971,3830.86
91993,3830.86
92014,3830.86
92048,3830.86
92079,3830.86
92110,3830.86
92152,3830.85
92184,3830.85
92220,3830.85
92257,3830.85
92290,3830.85
92324,3830.85
92365,3830.85
92396,3830.84
92430,3830.84
92463,3830.84
92488,3830.84
92506,3830.84
92531,3830.84
92554,3830.84
92580,3830.84
92603,3830.84
92619,3830.83
92643,3830.83
92676,3830.83
92692,3830.83
92707,3830.83
92724,3830.83
92751,3830.83
92781,3830.83
92797,3830.83
92812,3830.83
92829,3830.83
92855,3830.82
92884,3830.82
92903,3830.82
92918,3830.82
92937,3830.82
92960,3830.82
92989,3830.82
93028,3830.82
93054,3830.82
93082,3830.82
93103,3830.82
93141,3830.82
93167,3830.81
93197,3830.81
93211,3830.81
93226,3830.81
93241,3830.81
93272,3830.81
93299,3830.81
93316,3830.81
93330,3830.81
93349,3830.81
93377,3830.81
93404,3830.81
93420,3830.81
93435,3830.81
93455,3830.81
93484,3830.8
93509,3830.8
93527,3830.8
93543,3830.8
93559,3830.8
93589,3830.8
93615,3830.8
93633,3830.81
93648,3830.81
93665,3830.81
93691,3830.81
93718,3830.72
93736,3830.72
93753,3830.72
93774,3830.72
93810,3830.72
93830,3830.72
93844,3830.72
93860,3830.72
93885,3830.72
93917,3830.72
93935,3830.72
93949,3830.72
93968,3830.72
93998,3830.72
94026,3830.72
94043,3830.72
94058,3852.05
94081,10557.38
94110,3860.64
94132,3830.86
94148,3830.77
94163,3830.76
94185,3830.75
94219,3830.7400000000002
94241,3830.7400000000002
94256,3830.7400000000002
94273,3830.7400000000002
94298,3830.7400000000002
94328,3830.7400000000002
94348,3830.7400000000002
94362,4643.24
94380,3859.57
94405,3831.76
94431,3831.09
94449,3830.94
94465,3830.88
94482,3830.85
94507,3830.82
94533,3830.81
94555,3830.8
94574,3830.79
94598,3830.78
94623,3830.78
94652,3882.44
94672,10651.22
94695,3860.7400000000002
94720,3830.86
94749,3830.77
94764,3830.76
94779,3830.75
94802,3830.7400000000002
94832,3830.7400000000002
94852,3830.7400000000002
94895,3830.7400000000002
94927,3830.7400000000002
94953,3830.7400000000002
94971,3830.7400000000002
94992,4873.45
95019,3252.12
95050,3820.4
95069,3830.2400000000002
95091,3830.51
95115,3830.59
95151,3830.63
95193,3830.65
95220,3830.66
95256,3830.67
95275,3830.68
95289,3830.69
95315,3830.69
95343,3830.7
95362,3723.05
95381,3806.52
95397,11105.86
95421,3860.41
95446,3830.85
95466,3830.77
95481,3830.75
95496,3830.75
95521,3830.7400000000002
95550,3830.7400000000002
95587,3830.7400000000002
95604,3830.7400000000002
95628,3831.27
95654,3831.21
95674,3831.16
95692,3801.91
95732,0.0
95767,5716.34
95786,5746.09
95803,5746.2
95828,5746.22
95855,5746.23
95882,5746.23
95901,5746.24
95920,5746.24
95951,5746.32
95978,5746.31
95998,5529.81
96014,5704.22
96043,5740.79
96074,5744.48
96096,5745.27
96113,5745.58
96138,5745.75
96174,5745.85
96195,5745.92
96210,5745.97
96233,5746.0
96258,6285.85
96284,5774.49
96304,5747.74
96322,5699.32
96352,5731.56
96388,5740.94
96407,5743.53
96430,5744.52
96456,5786.45
96481,5761.42
96504,5752.41
96526,5749.5
96552,5748.32
96573,5758.17
96598,0.0
96619,20982.74
96646,7110.02
96677,7090.26
96701,7090.2300000000005
96718,7090.2300000000005
96745,7090.2300000000005
96777,7090.22
96798,7090.22
96816,7090.22
96862,7090.22
96889,8174.58
96911,0.0
96936,25166.15
96971,7477.5199999999995
96995,13556.439999999999
97023,13566.68
97049,13566.71
97076,13991.109999999999
97100,13594.09
97123,13568.529999999999
97157,13567.38
97182,13567.119999999999
97214,13567.0
97242,13566.939999999999
97284,10073.689999999999
97309,13537.029999999999
97341,11007.97
97363,13465.1
97388,13565.52
97418,13566.5
97458,17836.46
97485,13596.42
97513,13566.939999999999
97539,13566.8
97567,13566.77
97595,13566.76
97620,13566.75
97640,13566.76
97669,13566.76
97693,13566.75
97722,14703.13
97747,13595.869999999999
97777,13567.48
97801,13566.59
97824,13566.65
97854,13566.67
97893,13566.689999999999
97918,13566.689999999999
97942,13566.699999999999
97968,13566.699999999999
98001,13566.71
98019,14062.67
98041,13594.85
98068,13568.33
98094,1520.5299999999988
98120,13536.859999999999
98144,13566.65
98169,13566.699999999999
98193,13566.71
98217,13566.72
98240,13566.72
98273,13566.72
98298,13566.72
98321,13566.72
98345,13566.73
98370,13566.73
98398,13573.67
98424,13571.97
98447,15908.76
98484,13596.33
98514,13566.74
98543,13566.73
98583,13566.73
98608,13566.73
98633,13566.73
98654,13566.73
98678,13566.73
98703,13566.73
98738,13566.73
98758,13566.73
98786,13566.73
98817,13566.73
98844,13566.73
98865,13306.93
98904,11170.08
98929,13533.96
98950,13566.32
98969,13566.6
98998,13566.65
99025,13566.67
99050,13566.689999999999
99070,13566.689999999999
99095,13566.699999999999
99112,13566.699999999999
99141,13566.71
99160,13566.71
99200,13566.71
99220,13530.07
99256,2982.369999999999
99279,13536.76
99309,13566.65
99334,13566.699999999999
99373,13566.71
99403,13566.72
99432,13566.72
99455,13566.72
99478,13566.72
99503,15645.119999999999
99524,13596.25
99550,13567.15
99572,13566.869999999999
99597,8013.3099999999995
99618,13536.96
99645,13566.57
99665,13566.68
99693,13566.699999999999
99715,13566.71
99741,13566.71
99763,13566.72
99789,13566.72
99812,13566.72
99832,13566.72
99854,13566.72
99874,13566.72
99898,13566.72
99915,13590.09
99937,13583.5
99957,13576.699999999999
99978,13572.84
100001,13570.76
100018,13569.59
100040,13568.88
100062,13568.42
100080,13568.109999999999
100106,13567.88
100123,13567.71
100146,13567.58
100167,13567.48
100185,13567.4
100207,13568.25
100227,13568.08
100252,13554.449999999999
100283,13558.869999999999
100321,13561.51
100350,13563.07
100382,13564.02
100414,13564.63
100455,13565.039999999999
100476,13565.34
100499,13565.55
100522,13565.72
100547,13565.85
100571,13565.949999999999
100593,13566.029999999999
100619,13566.1
100642,13566.16
100667,13566.21
100692,13566.25
100717,13566.289999999999
100743,13566.32
100768,13566.35
100802,13566.369999999999
100826,13566.39
100847,13566.41
100872,13566.43
100897,13566.449999999999
100920,13566.46
100944,13566.47
100961,13566.48
100988,13566.5
101028,13566.51
101054,13566.52
101077,13554.68
101102,13558.33
101125,13560.84
101153,13562.47
101191,13563.529999999999
101219,13564.23
101245,13564.72
101279,13565.08
101304,13565.34
101327,13565.539999999999
101352,13565.689999999999
101372,13565.81
101400,13565.91
101420,13566.0
101444,13566.07
101464,13566.13
101494,13566.18
101517,13566.22
101541,13566.26
101563,13566.289999999999
101591,13566.32
101620,13566.34
101650,13566.369999999999
101669,13566.39
101696,13566.41
101719,13566.42
101745,13566.439999999999
101763,13566.449999999999
101788,13566.47
101813,13566.48
101840,13566.49
101860,13566.5
101886,13566.51
101908,13566.52
101932,13566.52
101953,13566.529999999999
101970,13566.539999999999
101999,13566.55
102015,13566.55
102043,13566.56
102059,13566.56
102078,13566.57
102101,13566.57
102117,13566.58
102144,13566.58
102161,13566.59
102179,13566.59
102208,13566.59
102230,13566.6
102252,13566.6
102268,13566.6
102292,13566.609999999999
102313,13566.609999999999
102331,13566.609999999999
102355,13566.619999999999
102372,13566.619999999999
102396,13566.619999999999
102416,13566.619999999999
102441,13566.63
102473,13566.63
102505,13566.63
102536,13566.63
102562,13566.63
102585,13566.64
102626,13566.64
102650,13566.64
102671,13566.64
102687,13566.64
102712,13566.64
102731,13566.65
102757,13566.65
102775,13566.65
102791,13566.65
102816,13566.65
102833,13566.65
102859,13566.65
102879,13566.66
102898,13566.66
102919,13566.66
102937,13566.66
102965,13566.66
102981,13566.66
102998,13566.66
103022,13566.66
103047,13566.66
103073,13566.67
103090,13566.67
103112,13566.67
103134,13566.67
103161,13566.67
103179,13566.67
103194,13566.67
103219,13566.67
103238,13566.67
103263,13566.67
103281,13566.67
103297,13566.67
103315,13566.68
103338,13566.68
103368,13566.68
103388,13566.68
103402,13566.68
103422,13566.68
103444,13566.68
103473,13566.68
103491,13566.68
103506,13566.68
103531,13566.68
103562,13566.68
103594,13566.68
103623,13566.68
103651,13566.68
103668,13566.68
103695,13566.68
103713,13566.68
103741,13566.689999999999
103759,13566.689999999999
103787,13566.689999999999
103812,13566.689999999999
103839,13566.689999999999
103857,13566.689999999999
103880,13566.689999999999
103902,13566.689999999999
103918,13566.689999999999
103943,13566.689999999999
103962,13566.689999999999
103989,13566.689999999999
104009,13566.689999999999
104038,13566.689999999999
104060,13566.689999999999
104086,13566.689999999999
104108,13566.689999999999
104134,13566.689999999999
104161,13566.689999999999
104187,13566.689999999999
104213,13566.689999999999
104241,13566.689999999999
104267,13566.689999999999
104295,13566.689999999999
104314,13566.689999999999
104338,13566.689999999999
104364,13566.699999999999
104392,13566.699999999999
104408,13566.699999999999
104439,13566.699999999999
104477,13566.699999999999
104506,13566.699999999999
104542,13566.699999999999
104576,13566.699999999999
104614,13566.699999999999
104647,13566.699999999999
104670,13566.699999999999
104694,13566.699999999999
104711,13566.699999999999
104726,13566.699999999999
104752,13566.699999999999
104777,13566.699999999999
104801,13566.699999999999
104818,13566.699999999999
104833,13566.699999999999
104859,13566.699999999999
104881,13566.699999999999
104903,13566.699999999999
104921,13566.699999999999
104937,13566.699999999999
104963,13566.699999999999
104999,13566.699999999999
105021,13566.699999999999
105044,13566.699999999999
105073,13566.699999999999
105103,13566.699999999999
105121,13566.699999999999
105136,13566.699999999999
105160,13566.699999999999
105187,13566.699999999999
105209,13566.699999999999
105226,13566.699999999999
105240,13566.699999999999
105267,13566.699999999999
105293,13566.699999999999
105335,13566.699999999999
105357,13566.699999999999
105383,13566.699999999999
105407,13566.699999999999
105424,13566.699999999999
105440,13566.699999999999
105466,13566.71
105492,13566.71
105518,13566.71
105536,13566.71
105554,13566.71
105578,13566.71
105607,13566.71
105623,13566.71
105639,13566.71
105655,13566.71
105675,13566.71
105715,13566.71
105733,13566.71
105747,13566.71
105765,13566.71
105796,13566.71
105824,13566.71
105839,13566.71
105855,13566.71
105877,13566.71
105910,13566.71
105933,13566.71
105948,13566.71
105965,13566.71
105991,13566.71
106019,13566.71
106045,13566.71
106060,13566.71
106084,13566.71
106136,13566.71
106163,13566.71
106198,13566.71
106224,13566.71
106242,13566.71
106256,13566.71
106272,13566.71
106300,13566.71
106326,13566.71
106350,13566.71
106368,13566.71
106399,13566.71
106430,13566.71
106454,13566.71
106472,13566.71
106500,13566.71
106525,13566.71
106557,13566.71
106578,13566.71
106607,13566.71
106630,13566.71
106654,13566.71
106674,13566.71
106703,13566.71
106725,13566.71
106750,13566.71
106768,13566.71
106795,13566.71
106830,13566.71
106851,13566.71
106867,13566.71
106891,13566.71
106912,13566.71
106941,13566.71
106959,13566.71
106975,13566.71
107000,13566.71
107027,13566.71
107049,13566.71
107067,13566.71
107083,13566.71
107112,13566.71
107143,13566.71
107164,13566.71
107179,13566.71
107206,13566.71
107237,13566.71
107267,13566.71
107297,13566.71
107344,13566.71
107389,13566.71
107413,13566.71
107438,13566.71
107466,13566.71
107495,13566.71
107540,13566.71
107559,13566.71
107585,13566.71
107614,13566.71
107644,13566.71
107667,13566.71
107692,13566.71
107719,13566.71
107746,13566.71
107770,13566.71
107796,13566.71
107819,13566.71
107848,13566.71
107869,13566.71
107895,13566.71
107920,13566.71
107950,13566.72
107971,13566.72
107992,13566.72
108017,13566.72
108047,13566.72
108067,13566.72
108090,13566.72
108117,13566.72
108146,13566.72
108170,13566.72
108194,13566.72
108221,13566.72
108250,13566.72
108277,13566.72
108304,13566.72
108331,13566.72
108362,13566.72
108387,13566.72
108411,13566.72
108453,13566.72
108490,13566.72
108526,13566.72
108568,13566.72
108604,13566.72
108645,13566.72
108686,13566.72
108716,13566.72
108746,13566.72
108773,13566.72
108799,13566.72
108816,13566.72
108848,13566.72
108866,13566.72
108892,13566.72
108912,13566.72
108946,13566.72
108965,13566.72
108993,13566.72
109036,13566.72
109062,13566.72
109095,13566.72
109110,13566.72
109133,13566.72
109159,13566.72
109189,13566.72
109206,13566.72
109228,13566.72
109255,13566.72
109281,13566.72
109303,13566.72
109319,13566.72
109345,13566.72
109366,13566.72
109392,13566.72
109414,13566.72
109442,13566.72
109464,13566.72
109491,13566.72
109510,13566.72
109534,13566.72
109558,13566.72
109583,13566.72
109609,13566.72
109630,13566.72
109658,13566.72
109681,13566.72
109707,13566.72
109726,13566.73
109752,13566.73
109777,13566.73
109804,13566.73
109826,13566.73
109855,13566.73
109880,13566.73
109906,13566.73
109924,13566.73
109950,13566.73
109969,13566.73
109995,13566.73
110012,13566.73
110028,13566.73
110057,13566.73
110082,13566.73
110105,13566.73
110122,13566.73
110141,13566.73
110167,13566.73
110196,13566.73
110212,13566.73
110228,13566.73
110252,13566.73
110281,13566.73
110304,13566.73
110322,13566.73
110337,13566.73
110364,13566.73
110393,13566.73
110417,13566.73
110440,13566.73
110475,13566.73
110506,13566.73
110530,13566.73
110553,13566.73
110588,13566.73
110613,13566.73
110635,13566.73
110655,13566.73
110686,13566.73
110711,13566.73
110731,13566.73
110751,13566.73
110780,13566.73
110803,13566.73
110824,13566.73
110843,13566.73
110877,13566.73
110902,13566.73
110923,13566.73
110945,13566.73
110972,13566.73
111002,13566.73
111022,13566.73
111042,13566.73
111071,13566.73
111102,13566.73
111125,13566.73
111143,13566.73
111159,13566.73
111189,13566.73
111222,13566.73
111242,13566.73
111258,13566.73
111284,13566.73
111319,13566.73
111340,13566.73
111358,13566.73
111384,13566.73
111422,13566.73
111446,13566.73
111463,13566.73
111494,13566.73
111524,13566.73
111561,13566.73
111588,13566.73
111627,13566.73
111649,13566.73
111674,13566.73
111704,13566.73
111729,13566.73
111751,13566.73
111768,13566.73
111795,13566.73
111829,13566.73
111851,13566.73
111870,13566.73
111902,13566.73
111931,13566.73
111949,13566.73
111964,13566.73
111991,13566.73
112021,13566.73
112041,13566.73
112057,13566.73
112074,13566.73
112106,13566.73
112132,13566.73
112148,13566.73
112164,13566.73
112191,13566.73
112222,13566.73
112243,13566.73
112259,13566.73
112276,13566.73
112305,13566.73
112332,13566.73
112351,13566.73
112366,13566.73
112390,13566.73
112409,13566.73
112439,13566.73
112460,13566.73
112484,13566.73
112507,13566.73
112534,13566.73
112554,13566.73
112572,13566.73
112597,13566.73
112618,13566.73
112645,13566.73
112662,13566.73
112682,13566.73
112707,13566.73
112730,13566.73
112755,13566.73
112773,13566.73
112800,13566.73
112820,13566.73
112853,13566.73
112881,13566.73
112918,13566.73
112942,13566.73
112960,13566.73
112982,13566.73
113008,13566.73
113033,13566.73
113056,13566.73
113077,13566.73
113108,13566.73
113133,13566.73
113166,13566.73
113196,13566.73
113226,13566.73
113249,13566.73
113268,13566.73
113288,13566.73
113311,13566.73
113336,13566.73
113358,13566.73
113376,13566.73
113402,13566.73
113423,13566.73
113450,13566.73
113468,13566.73
113487,13566.73
113514,13566.73
113542,13566.73
113561,13566.73
113578,13566.73
113603,13566.73
113631,13566.73
113654,13566.73
113673,13566.73
113690,13566.73
113715,13566.73
113745,13566.73
113767,13566.73
113783,13566.73
113805,13566.73
113830,13566.73
113857,13566.73
113875,13566.73
113891,13566.73
113920,13566.73
113943,13566.73
113967,13566.73
113987,13566.73
114009,13566.73
114047,13566.73
114071,13566.73
114108,13566.73
114130,13566.73
114160,13566.73
114182,13566.73
114200,13566.73
114237,13566.73
114272,13566.73
114314,13566.73
114356,13566.73
114389,13566.73
114438,13566.73
114480,13566.73
114519,13566.73
114564,13566.73
114591,13566.73
114631,13566.73
114669,13566.73
114706,13566.73
114728,13566.73
114751,13566.73
114773,13566.73
114797,13566.73
114813,13566.73
114845,13566.73
114862,13566.73
114896,13566.73
114913,13566.73
114939,13566.73
114959,13566.73
114989,13566.73
115008,13566.73
115031,13566.73
115055,13566.73
115075,13566.73
115099,13566.73
115116,13566.73
115139,13566.73
115162,13566.73
115188,13566.73
115207,13566.73
115225,13566.73
115253,13566.73
115276,13566.73
115299,13566.73
115314,13566.73
115334,13566.73
115360,13566.73
115387,13566.73
115407,13566.73
115424,13566.73
115447,13566.73
115473,13566.73
115502,13566.73
115520,13566.73
115542,13566.73
115567,13566.73
115593,13566.73
115614,13566.73
115630,13566.73
115657,13566.73
115682,13566.73
115708,13566.73
115726,13566.73
115744,13566.73
115773,13566.73
115803,13566.73
115825,13566.73
115841,13566.73
115868,13566.73
115903,13566.73
115924,13566.73
115941,13566.73
115960,13566.73
115986,13566.73
116021,13566.73
116048,13566.73
116076,13566.73
116103,13566.73
116125,13566.73
116142,13566.73
116169,13566.73
116195,13566.73
116219,13566.73
116234,13566.73
116253,13566.73
116278,13566.73
116304,13566.73
116324,13566.73
116341,13566.73
116359,13566.73
116386,13566.73
116426,13566.73
116442,13566.73
116459,13566.73
116489,13566.73
116522,13566.73
116546,13566.73
116563,13566.73
116597,13566.73
116627,13566.73
116651,13566.73
116671,13566.73
116713,13566.73
116736,13566.73
116754,13566.73
116775,13566.73
116808,13566.73
116833,13566.73
116853,13566.73
116873,13566.73
116902,13566.73
116927,13566.73
116948,13566.73
116965,13566.73
116994,13566.73
117024,13566.73
117051,13566.73
117093,13566.73
117113,13566.73
117148,13566.73
117165,13566.73
117196,13566.73
117216,13566.73
117246,13566.73
117264,13566.73
117296,13566.73
117317,13566.73
117349,13566.73
117367,13566.73
117402,13566.73
117426,13566.73
117455,13566.73
117477,13566.73
117514,13566.73
117540,13566.73
117582,13566.73
117614,13566.73
117652,13566.73
117682,13566.73
117737,13566.73
117773,13566.73
117807,13566.73
117844,13566.73
117865,13566.73
117908,13566.73
117934,13566.73
117959,13566.73
117983,13566.73
118011,13566.73
118035,13566.73
118062,13566.73
118086,13566.73
118114,13566.73
118146,13566.73
118171,13566.73
118196,13566.73
118225,13566.73
118253,13566.73
118276,13566.73
118302,13566.73
118330,13566.73
118355,13566.73
118376,13566.73
118401,13566.73
118427,13566.73
118452,13566.73
118474,13566.73
118499,13566.73
118525,13566.73
118551,13566.73
118573,13566.73
118595,13566.73
118622,13566.73
118651,13566.73
118672,13566.73
118693,13566.73
118723,13566.73
118754,13566.73
118777,13566.73
118801,13566.73
118848,13566.73
118868,13566.73
118890,13566.73
118913,13566.73
118950,13566.73
118972,13566.73
119001,13566.73
119026,13566.73
119061,13566.73
119087,13566.73
119109,13566.73
119151,13566.73
119184,13566.73
119205,13566.73
119233,13566.73
119273,13566.73
119295,13566.73
119316,13566.73
119349,13566.73
119380,13566.73
119405,13566.73
119425,13566.73
119466,13566.73
119493,13566.73
119513,13566.73
119540,13566.73
119575,13566.73
119601,13566.73
119643,13566.73
119680,13566.73
119704,13566.73
119724,13566.73
119755,13566.73
119789,13566.73
119809,13566.73
119835,13566.73
119877,13566.73
119903,13566.73
119922,13566.73
119949,13566.73
119994,13566.73
120012,13566.73
120039,13566.73
120089,13566.73
120109,13566.73
120125,13566.73
120146,13566.73
120187,13566.73
120205,13566.73
120221,13566.73
120238,13566.73
120271,13566.73
120299,13566.73
120315,13566.73
120330,13566.73
120354,13566.73
120394,13566.73
120412,13566.73
120453,13566.73
120529,13566.73
120553,13566.73
120600,13566.73
120629,13566.73
120684,13566.73
120721,13566.73
120748,13566.73
120800,13566.73
120824,13566.73
120852,13566.73
120876,13566.73
120911,13566.73
120935,13566.73
120958,13566.73
120988,13566.73
121016,13566.73
121040,13566.73
121062,13566.73
121096,13566.73
121122,13566.73
121140,13566.73
121160,13566.73
