0.04891244461759925,-2.18
0.13904739590361714,-2.47
0.22915597865357995,-2.72
0.31960064079612494,-2.9
0.4097781339660287,0.0
0.49975807685405016,-1.5
0.5899269008077681,0.0
0.6800645827315748,0.0
0.7700669136829674,0.0
0.8562138648703694,0.0
0.9462779406458139,-2.7399999999999984
1.0363703137263656,0.0
1.1263212109915912,0.0
1.2166656297631562,0.0
1.3064326769672334,0.0
1.3968300018459558,-2.230000000000004
1.4868755326606333,0.0
1.572641464881599,-2.049999999999997
1.6630814727395773,0.0
1.7529853116720915,21.359999999999996
1.8432876295410097,308.15000000000003
1.9333846378140152,945.41
2.023346303962171,636.0
2.113647873979062,275.11
2.2036980646662414,448.74
2.293696667999029,783.8100000000001
2.3796928278170526,549.0
2.46994137391448,189.39
2.560049828607589,392.83000000000004
2.6501580215990543,824.1700000000001
2.7401579869911075,677.98
2.8303686305880547,269.05
2.9204807388596237,4.199999999999996
3.0104953898116946,0.0
3.096674899570644,0.0
3.1867134096100926,-1.4500000000000028
3.276829584967345,13.079999999999998
3.366861809976399,222.64
3.456792810931802,833.39
3.5471254265867174,621.17
3.637164660729468,244.7
3.7272332767024636,82.12
3.8133605918847024,424.88
3.90347458794713,1075.5
3.993559137918055,847.8599999999999
4.083395225927234,315.49
4.173725467640907,109.55
4.2639207458123565,413.27000000000004
4.353789580985904,743.78
4.444150681607425,450.39
4.530133009888232,121.63
4.620253341738135,26.700000000000003
4.71034794067964,15.879999999999995
4.800410141702741,17.489999999999995
4.8902782537043095,18.08
4.980516676791012,17.319999999999993
5.070821636822075,34.489999999999995
5.160864379722625,363.8
5.2509608985856175,1630.6599999999999
5.337032105773687,1751.35
5.4271216206252575,1273.45
5.517243956681341,532.81
5.607072054874152,145.45999999999998
5.697422958910465,46.089999999999996
5.787432172801346,28.069999999999993
5.877630848903209,25.959999999999994
5.9677207437343895,26.789999999999992
6.0537778795696795,26.939999999999998
6.143924296833575,26.560000000000002
6.233807323966175,41.98
6.324122272897512,278.57
6.41424861876294,915.8599999999999
6.504139108583331,575.17
6.594248999841511,178.04
6.684211900923401,45.39
6.770434693899006,38.3
6.860462922602892,236.64999999999998
6.950821845792234,1188.1
7.040640149731189,1088.33
7.130940741859376,476.0
7.2210877309553325,90.34
7.311196678783745,396.93
7.401335346978158,1345.6699999999998
7.491268277633935,1121.92
7.57743407972157,396.32
7.667538957670331,57.269999999999996
7.757448175922036,72.08
7.847770475782454,716.31
7.93790883384645,3764.6400000000003
8.028038611635566,5151.85
8.118122855667025,4906.900000000001
8.207909096963704,4585.66
8.294216753914952,4166.65
8.384367079939693,2827.1800000000003
8.47419141791761,930.51
8.564515809994191,163.45999999999998
8.6546067786403,497.07
8.744804992806166,1687.43
8.834741174709052,1415.3999999999999
8.924924668855965,429.32
9.010969595983624,51.08
9.100886954925954,6.289999999999992
9.190951223950833,4.560000000000002
9.281269557774067,128.24
9.3714414187707,1179.35
9.461411191616207,2239.32
9.551636334974319,2343.75
9.64167997892946,2281.9900000000002
9.731759362854064,2168.96
9.817890845704824,2028.43
9.907988584600389,1883.1
9.997930113691837,1653.29
10.088203607592732,1418.6399999999999
10.178302865941077,1269.95
10.26837956160307,894.29
10.358422252815217,344.06
10.448485437780619,81.3
10.534304147586226,19.75999999999999
10.624666935764253,10.439999999999998
10.714836791623384,10.009999999999991
10.804951362777501,10.429999999999993
10.895047039724886,10.819999999999993
10.985159929841757,11.409999999999997
11.075052411761135,11.86999999999999
11.165215973742306,12.269999999999996
11.2511186869815,12.659999999999997
11.341433044988662,13.090000000000003
11.431602281983942,13.629999999999995
11.521719803567976,14.219999999999999
11.611798942554742,14.769999999999996
11.701920250896364,15.090000000000003
11.791999455541372,15.219999999999999
11.882098096888512,15.319999999999993
11.967864151578397,16.08
12.058250346686691,32.67
12.148400958627462,310.16
12.238503289874643,994.62
12.328598268795758,666.67
12.418715981766582,219.98000000000002
12.508782716933638,137.94
12.598903994541615,574.47
12.688904512673616,1031.1
12.774964077863842,561.9
12.865125129930675,149.14
12.955235631670803,311.07
13.045407160650939,1212.05
13.135501351673156,1703.56
13.225537035614252,1194.6
13.315700043924153,540.66
13.405673440545797,903.3199999999999
13.491742472629994,2480.13
13.581850106827915,3657.51
13.672079493757337,4129.3
13.761990188620985,4397.22
13.852335067931563,4603.5
13.942348913755268,4817.2
14.032370384782553,4715.33
14.122330913785845,3645.6200000000003
14.21230914676562,1497.69
14.298699237871915,666.51
14.3887509717606,1294.19
14.479115766938776,1255.56
14.569024781696498,715.64
14.659081528894603,139.63
14.749209712725133,46.04
14.839328474830836,218.86
14.92917767399922,990.1099999999999
15.015425304882228,2053.25
15.105567537713796,3038.38
15.19567143265158,4277.13
15.285685270559043,5048.91
15.37588514899835,5473.08
15.466071380767971,5796.99
15.555886344984174,6003.95
15.646145776845515,6144.14
15.731954652816057,6126.84
15.822361776605248,5366.38
15.912441610824317,2446.05
16.002581829670817,2933.5600000000004
16.09267773386091,2048.02
16.182793251704425,408.24
16.27258817758411,244.27999999999997
16.362897579558194,1514.3799999999999
16.452942781616002,4315.27
16.539186322595924,5426.320000000001
16.629021802917123,5278.56
16.71935603581369,5094.95
16.809442583937198,5084.34
16.899528939742595,4994.31
16.9893695297651,3752.5
17.07984641380608,1366.0
17.16970119997859,346.29
17.255837158765644,299.01
17.345979692880064,928.15
17.43612287659198,1413.26
17.52619509259239,583.29
17.616055705584586,117.19999999999999
17.706294185947627,307.16
17.796515814960003,1565.7
17.886525782756507,3485.53
17.972696226555854,4570.21
18.06280206190422,4792.360000000001
18.152883973903954,4418.0
18.242926536593586,3574.1600000000003
18.333078084979206,2091.73
18.423117060679942,826.18
18.51292995782569,253.62
18.603286494966596,186.2
18.68943427177146,514.79
18.77952243667096,726.5799999999999
18.86953649483621,375.58
18.959663792978972,124.94999999999999
19.049827108625323,114.03999999999999
19.139774875715375,567.96
19.230071790982038,2851.51
19.320162227842957,4155.88
19.41013220557943,4054.79
19.496053089853376,3023.54
19.58619956765324,1417.0
19.676505161914974,680.16
19.766589063685387,397.82
19.856784304603934,316.71
19.946834208909422,198.84
20.036873974837363,98.75
20.122975234873593,60.169999999999995
20.212943458929658,103.6
20.303205568809062,335.36
20.393280477728695,1045.69
20.483396565541625,1274.21
20.573490188922733,763.76
20.66361790476367,245.38
20.753698446787894,66.87
20.843669783789665,44.16
20.929804138839245,170.26999999999998
21.019934544805437,768.4499999999999
21.110084743704647,1397.99
21.20019781170413,1507.23
21.290103641804308,1465.21
21.380389868747443,1430.56
21.470268070697784,1388.87
21.56055882293731,1358.58
21.646629999857396,1332.96
21.73670432297513,1258.52
21.82682779757306,891.51
21.916939448565245,298.29
22.00691149989143,52.47
22.097132383845747,-0.3500000000000085
22.18728353874758,0.0
22.277297883760184,0.14000000000000057
22.36338542588055,0.75
22.453497035894543,1.4899999999999949
22.543660521972924,2.8400000000000034
22.63350225565955,14.659999999999997
22.72377674560994,95.85
22.813743150793016,187.61
22.90400004060939,111.46000000000001
22.99407772999257,56.0
23.08014021255076,38.41
23.170233190990984,69.52000000000001
23.26034733466804,242.22000000000003
23.35029478278011,640.4399999999999
23.440485453698784,868.52
23.53065684158355,828.9
23.62080632383004,776.33
23.710867201909423,735.86
23.80086736800149,640.73
23.887006847653538,468.08
23.97686851862818,309.03
24.067268210928887,188.51
24.157227326650172,103.06
24.247430813964456,62.87
24.3375575626269,50.72
24.42765384586528,47.36
24.517702747602016,45.27
24.603644417598844,43.660000000000004
24.693593953736126,42.78
24.78401748975739,42.2
24.873985768761486,41.59
24.964211154729128,41.06
25.054333549924195,40.480000000000004
25.144138301722705,39.97
25.234473339747638,41.53
25.320576700847596,47.96
25.410655120853335,58.05
25.50079813459888,62.1
25.590886803809553,60.96
25.680752963759005,59.18
25.771111922804266,57.59
25.8611893937923,56.2
25.951259697787464,55.230000000000004
26.041122467722744,54.660000000000004
26.127423646859825,54.37
26.21752772387117,54.32
26.307670811656862,54.6
26.397558928001672,55.59
26.487874400801957,57.79
26.577726870775223,59.730000000000004
26.668076033703983,60.28
26.75794364279136,60.56
26.843977208714932,61.42
26.934099030680954,62.9
27.02438130788505,69.32
27.114244121592492,86.85
27.204431579913944,94.91
27.29478832660243,85.81
27.38483721576631,76.1
27.474836316891015,68.69
27.56095979595557,62.87
27.65084966784343,59.04
27.74094793573022,57.02
27.830951981712133,56.11
27.921484356746078,55.65
28.011510381940752,55.36
28.101502208970487,55.97
28.191672583576292,62.42
28.281684978865087,92.27
28.367836421821266,144.51
28.457766353618354,124.96000000000001
28.547827936708927,87.34
28.6381562827155,57.27
28.728301422670484,51.01
28.81837334856391,78.52
28.908367824740708,167.93
28.998542794957757,246.57999999999998
29.08460916392505,157.81
29.17470086598769,73.14
29.264837535563856,43.03
29.35494131455198,57.09
29.44504086766392,168.15
29.535164509899914,428.71
29.62522514956072,354.87
29.715310885570943,180.98000000000002
29.801404519937932,77.25
29.891225907951593,81.2
29.981441059615463,173.17000000000002
30.0717173027806,519.4
30.161504900548607,572.5500000000001
30.251933332998306,344.64
30.341995855793357,124.61
30.431943998672068,63.46
30.522023141849786,86.08
30.608132059685886,250.01
30.698353649582714,500.21999999999997
30.788543115835637,358.15
30.878580692689866,156.69
30.968695272691548,61.94
31.058638205751777,67.53999999999999
31.14895028155297,183.87
31.238935281988233,415.87
31.324775458779186,284.82
31.415146193932742,122.91
31.505232341587543,56.97
31.595327786635607,86.28
31.68534079892561,224.81
31.77555584954098,351.34
31.865697968751192,280.28
31.95579268876463,158.21
32.04162738658488,85.22
32.13193773385137,210.25
32.22200017981231,444.82
32.31222843658179,363.69
32.40222851280123,181.28
32.492307419888675,168.25
32.58247316861525,319.6
32.672240655869246,371.90999999999997
32.76257176557556,207.82999999999998
32.84858624683693,98.38
32.93889807257801,524.57
33.02893145382404,1449.49
33.1190120219253,1051.3300000000002
33.209104142617434,371.63
33.29920517792925,103.66
33.389249046798795,90.55
33.47905785869807,501.15999999999997
33.569374351762235,1595.48
33.65557464398444,969.09
33.745679260697216,302.76
33.83581835962832,96.64
33.9258785629645,352.84
34.01602765871212,1754.21
34.10610987478867,2124.77
34.19618078088388,1013.84
34.28600808093324,290.92
34.372394267935306,235.99
34.462402280885726,1050.99
34.55257545178756,1972.63
34.64262793492526,970.15
34.73266151966527,279.19
34.822799742687494,103.9
34.91291936673224,521.92
35.002987493760884,2042.45
35.089113648980856,2108.82
35.178914073854685,1156.69
35.26931045157835,283.79
35.35942919878289,392.55
35.449517759960145,1626.8500000000001
35.539806860964745,2117.47
35.629798103589565,891.52
35.71947383787483,218.3
35.80580984381959,115.27
35.89597638696432,689.61
35.98611867474392,1687.4
36.07614182587713,986.39
36.16641068086028,260.28
36.25645584985614,439.4
36.346233235672116,1399.73
36.43662668997422,1594.1200000000001
36.52643598476425,1444.44
36.61279601370916,1166.5700000000002
36.70278748264536,507.5
36.79293170571327,202.87
36.88307577185333,1143.25
36.973218387924135,3218.58
37.06302325055003,3095.39
37.153442757669836,1854.22
37.243365143891424,690.93
37.32942403899506,218.55
37.41962923575193,78.28999999999999
37.50978544773534,46.71
37.59984616981819,46.61
37.68965263059363,131.31
37.77977764979005,897.77
37.87016122089699,2246.6099999999997
37.960135746747255,2707.67
38.04621827090159,1987.21
38.13640502560884,832.87
38.22647338360548,344.01
38.31660612300038,723.81
38.40675760759041,858.3199999999999
38.49645568197593,456.2
38.5869155107066,334.54
38.67692376766354,771.51
38.763060164637864,775.37
38.85317378491163,532.37
38.943273425567895,156.84
39.03336913976818,234.87
39.1233105417341,633.97
39.21361612295732,778.33
39.303635217715055,407.0
39.39374540094286,135.02
39.47981840977445,142.26
39.569913528859615,200.41
39.65994822466746,187.82
39.75012332294136,133.28
39.84023718582466,78.4
39.93024818086997,115.92
40.02052012691274,216.16
40.11053291056305,201.06
40.20037578372285,136.36
40.28668974759057,105.54
40.37682981463149,234.95999999999998
40.46692274790257,359.52
40.55693622492254,218.2
40.6469675549306,109.53
40.73724066093564,194.01999999999998
40.82724314369261,340.74
40.91737801861018,267.55
41.00344979483634,146.94
41.09352818597108,260.58
41.18361164955422,607.51
41.27380069764331,536.14
41.363931090570986,280.7
41.454039791598916,100.06
41.54377398081124,83.57
41.63375305989757,175.81
41.723890465684235,394.84999999999997
41.810040226671845,379.40999999999997
41.90008291369304,248.86
41.99017532262951,89.93
42.080284213647246,48.93
42.17040734458715,45.96
42.26056188484654,46.87
42.35051559470594,68.50999999999999
42.44061079993844,156.15
42.52674624370411,167.34
42.616954491939396,119.02
42.706970780622214,70.32
42.797047302592546,48.74
42.88721990259364,41.36
42.97734625590965,38.239999999999995
43.06742990668863,36.86
43.15743045695126,36.41
43.243474980816245,36.39
43.33360200980678,36.510000000000005
43.42368818400428,36.7
43.5138055277057,36.94
43.603912255726755,37.16
43.69401062373072,37.370000000000005
43.78415671782568,37.650000000000006
43.8741696937941,38.010000000000005
43.960318707861006,38.42
44.050445632543415,38.82000000000001
44.14059815881774,39.19
44.23058407055214,39.519999999999996
44.32069825800136,39.84
44.41078147571534,42.82000000000001
44.50091703655198,85.88
44.59148971969262,365.59999999999997
44.68133357493207,412.68
44.76732384087518,287.52
44.85744549194351,270.37
44.94774960866198,358.43
45.03761318977922,735.16
45.12773910863325,823.71
45.21783002279699,956.64
45.308189417701215,1081.19
45.398253133986145,1180.8000000000002
45.48434553667903,1394.45
45.574462269898504,1572.8600000000001
45.66430818056688,1571.98
45.754693385679275,1510.6100000000001
45.844791527837515,1613.66
45.93489907262847,1596.9
46.02498872159049,1675.41
46.11501942155883,1628.24
46.204965291544795,1669.49
46.291007538791746,2278.24
46.38131283875555,2366.6299999999997
46.4715245985426,3588.2799999999997
46.56154748098925,5058.56
46.651606005616486,5035.6
46.741808861959726,4803.84
46.83187836455181,4061.23
46.92177009070292,3072.23
47.007903954945505,1969.72
47.09805336780846,982.74
47.18793552275747,417.72999999999996
47.278134090825915,180.04000000000002
47.368401602841914,89.69
47.45846841856837,60.28
47.548586659599096,49.81
47.63855305779725,45.36
47.72442878596485,43.51
47.81482990970835,42.67
47.90495887957513,42.45
47.99506745394319,42.67
48.08516957890242,43.18
48.17523405794054,43.78
48.265152480918914,45.56
48.355383407790214,50.17
48.441464399918914,87.88
48.531252808868885,655.75
48.62172821955755,1602.68
48.71174674294889,1342.6100000000001
48.80195197975263,1532.8000000000002
48.89186736289412,2551.24
48.98215851886198,3820.25
49.072222160641104,3800.77
49.161929132882506,2905.8199999999997
49.248374794609845,1025.53
49.338492958806455,1534.21
49.4286189856939,3780.44
49.518565107602626,5202.06
49.608568836934865,5005.1
49.698943653609604,3531.73
49.78911354858428,1413.22
49.87875347165391,382.28999999999996
49.96517643798143,271.36
50.05517868883908,1567.43
50.145235006697476,4774.06
50.23536453396082,5678.84
50.32556260796264,3232.94
50.4156904858537,812.97
50.50580433290452,927.4
50.595834565814584,2801.3599999999997
50.68188446667045,5039.410000000001
50.7720953496173,4233.200000000001
50.862191332969815,2222.8599999999997
50.95191508671269,870.4399999999999
51.042001735884696,489.03
51.132141801994294,1434.2900000000002
51.22223007166758,2807.14
51.31226390786469,2878.75
51.40235486160964,2669.45
51.48845589859411,2208.23
51.57889649597928,1351.5300000000002
51.66905737668276,667.09
51.75879075890407,320.61
51.84919439256191,179.07999999999998
51.93931830767542,122.0
52.02933080494404,98.17
52.115444865543395,85.81
52.205566092859954,83.16
52.29565801564604,83.95
52.38580689299852,85.36
52.4755663885735,88.03999999999999
52.56596896983683,91.4
52.656108455732465,94.88
52.745942883659154,98.56
52.832178107928485,100.77
52.922325101681054,109.14
53.012432316783816,238.7
53.10243120184168,1374.65
53.19264583475888,2351.98
53.28279442060739,1720.9
53.37282508658245,793.43
53.46271723695099,352.0
53.55297131976113,170.19
53.63905597478151,95.08
53.72909587994218,70.58
53.81928669894114,65.73
53.90937583800405,67.27000000000001
53.999572147615254,69.34
54.08962623588741,71.17
54.17950569977984,72.88
54.26982673583552,75.3
54.35588131099939,80.03999999999999
54.445973122958094,87.36
54.53600207855925,96.11
54.626293543726206,105.26
54.7160405269824,111.89
54.80621741199866,118.21000000000001
54.89648641459644,124.7
54.986598684918135,129.3
55.07657124567777,132.81
55.16270013060421,136.88
55.25262729590759,140.69
55.34294819179922,142.43
55.433052653912455,142.17000000000002
55.522858287673444,141.3
55.61327513400465,140.47
55.70336329098791,139.66
55.793412969913334,138.6
55.8793440037407,137.76
55.969624331686646,137.71
56.05968273058534,137.47
56.14980693580583,136.95
56.239710793830454,136.29
56.33003106666729,135.2
56.420141961891204,134.0
56.51021726895124,133.31
56.60020156390965,148.96
56.68638038774952,395.3
56.77646490000188,934.3
56.866361166816205,670.98
56.9564644228667,358.32
57.04683360783383,215.7
57.13685252564028,151.67000000000002
57.227064213715494,127.92
57.31699288357049,114.62
57.403135627973825,102.29
57.493219806812704,90.42
57.583384735975415,79.91
57.673384331632406,73.21000000000001
57.76336430571973,71.73
57.85371075896546,74.85
57.94381916290149,90.82
58.033875522669405,124.65
58.11990173673257,129.66
58.21000549988821,115.32
58.30013759667054,100.38
58.389942440669984,89.59
58.480378452688456,82.28
58.57045472972095,77.42
58.660543833859265,75.94
58.750564955640584,78.93
58.84058722155169,84.28999999999999
58.926781702786684,91.38
59.01682772580534,125.49000000000001
59.10671116085723,368.25
59.19715145463124,969.6899999999999
59.28725245175883,1492.88
59.37735533667728,1663.8400000000001
59.467482659965754,1574.24
59.55757627077401,1279.8300000000002
59.647520921658725,781.9499999999999
59.733699350617826,414.61
59.823844814673066,234.43
59.9135979115963,139.18
60.00404386455193,93.46000000000001
60.094152447767556,71.28999999999999
60.1842132746242,60.35
60.27405976690352,53.410000000000004
60.36422774195671,49.04
60.450468950904906,46.89
60.54038584884256,46.96
60.63038435159251,48.62
60.72078210674226,50.79
60.81090114777908,54.28
60.90100849093869,68.35
60.990939606912434,119.86
61.08108159061521,189.72
61.16689929086715,191.97
61.25717072887346,181.6
61.34742689784616,239.51999999999998
61.43755282275379,456.90999999999997
61.52764786873013,482.34999999999997
61.61773028457537,354.65
61.707727442961186,198.45
61.79788810480386,145.17000000000002
61.883988780900836,125.03
61.97393552586436,111.31
62.06418664800003,100.83
62.15454320656136,91.2
62.24435798684135,82.59
62.33451062487438,76.39
62.42462427681312,72.65
62.51473854575306,70.22
62.60079786973074,68.15
62.69074994092807,66.62
62.780684512574226,66.00999999999999
62.87100036861375,65.97
62.96119277598336,66.25999999999999
63.05128706386313,66.73
63.141420781612396,67.34
63.231507025659084,68.27000000000001
63.32144185854122,69.41
63.40752184158191,70.61
63.49762621568516,71.73
63.587837046943605,72.58
63.67796122096479,73.28999999999999
63.76792520657182,74.03
63.8581805806607,74.78999999999999
63.94828441971913,75.39
64.03805497195572,75.87
64.12427050387487,76.34
64.21449315594509,76.9
64.30465435190126,77.49000000000001
64.39478084584698,77.95
64.48486265493557,78.36
64.57491203956306,78.68
64.66505695367232,78.95
64.75481605995446,79.24000000000001
64.84116243198514,79.43
64.93128996482119,85.65
65.02139252470806,193.49
65.11138079594821,634.96
65.2016179645434,561.64
65.29147670092061,874.48
65.38182774465531,912.83
65.47185796499252,587.5
65.56189631763846,810.79
65.64806820079684,921.1899999999999
65.73802676983178,558.37
65.82828685175627,653.61
65.91837635170668,581.64
66.00846933759749,365.49
66.09853947767988,828.03
66.18845601892099,1299.13
66.2785636857152,787.65
66.36483322270215,535.47
66.45493803964928,752.02
66.54506872780621,505.3
66.63486705999821,355.86
66.72498393477872,456.38
66.81507562054321,317.03
66.90546157490462,269.06
66.99549706373364,718.76
67.08162196073681,1036.76
67.17170308390632,539.22
67.26177792390808,472.5
67.35173166077584,524.72
67.44200631882995,356.07
67.53213606867939,409.11
67.62231663474813,649.6999999999999
67.71209369692951,438.44
67.7981176795438,188.34
67.88849065173417,756.76
67.97843890776858,2272.02
68.06879435060546,2957.62
68.15878960955888,2767.71
68.2489417316392,2436.65
68.33905488578603,1889.2
68.42877133656293,1057.94
68.51875777170062,370.49
68.60506213456392,115.08
68.69536732090637,58.52
68.78556319884956,154.06
68.87555952277035,994.52
68.96571738598868,2617.27
69.05581495678052,2736.6299999999997
69.14590222481638,1876.26
69.23586790682748,711.34
69.32200986100361,194.34
69.4121086508967,67.13
69.50222742883489,266.96
69.59232965996489,850.1999999999999
69.68244545999914,796.54
69.77258828794584,1260.3100000000002
69.86269525066018,2645.17
69.95260625099763,3567.83
70.03883834695444,3834.8199999999997
70.12889087293297,3557.52
70.21899402700365,2846.06
70.30913001997396,1516.43
70.39920640178025,414.0
70.48931655380875,78.22
70.579100840725,116.65
70.66928129456937,506.43
70.75557557167485,925.04
70.8456563167274,505.83
70.93578851595521,197.74
71.02587004983798,94.2
71.11589990695938,57.5
71.20597126567736,45.36
71.29596787365153,41.269999999999996
71.38626651279628,39.18000000000001
71.4762304876931,45.910000000000004
71.56241067685187,169.62
71.65252762800083,682.56
71.74246618896723,494.3
71.8326565749012,222.65
71.92281239293516,488.03
72.01297080470249,770.62
72.10309834592044,418.53999999999996
72.19308028696105,402.66999999999996
72.27919015754014,647.71
72.36922963755205,451.55
72.45950615266338,118.14
72.54950720956549,437.37
72.63971636071801,2348.02
72.72980005899444,4072.2799999999997
72.81977936858311,2763.0899999999997
72.90988321555778,2690.31
72.99991961661726,4124.25
73.08630701573566,2647.77
73.17618461698294,826.37
73.26628975989297,214.32
73.35640532290563,248.18
73.44650022499263,1059.8
73.53664721362293,1777.16
73.62679255660623,2322.8799999999997
73.71668546367437,4762.25
73.8028684859164,5383.1900000000005
73.8929769359529,5016.030000000001
73.98310513980687,4679.77
74.07314135460183,4142.28
74.16330925980583,3133.8199999999997
74.25339475600049,1978.94
74.34343739273027,960.75
74.43327280692756,280.87
74.51959907775745,75.98
74.60970763396472,49.230000000000004
74.69952830160037,47.57
74.7896813666448,47.75
74.88003421993926,48.480000000000004
74.96990097966045,49.29
75.06011914368719,50.18
75.1501817535609,49.79
75.23635933268815,50.53
75.32643104856834,109.09
75.4165933476761,1036.06
75.5067536747083,1682.8700000000001
75.59671692363918,882.89
75.68704294692725,226.5
75.7768697659485,60.52
75.86701350379735,33.03
75.95314913196489,27.299999999999997
76.04324627760798,26.010000000000005
76.13339920993894,59.59
76.22316829394549,252.49
76.31341946870089,333.43
76.40368472598493,191.57
76.49379818700254,246.54000000000002
76.58378919772804,353.32
76.66990755591542,230.07
76.75998067483306,195.76999999999998
76.84992554457858,399.31
76.94018922699615,426.15999999999997
77.03033851878718,263.27
77.12049277266487,267.1
77.21055394783616,283.92
77.30059794895351,197.56
77.38668770669028,188.47
77.47672344278544,249.49
77.56685248482972,177.03
77.65694670379162,122.98
77.74708595173433,141.26
77.8371318266727,100.1
77.92730710562319,180.01
78.01742909755558,732.98
78.10740303760394,789.64
78.19346164586022,381.99
78.28365865955129,204.19
78.37349445698783,560.36
78.46387751493603,666.99
78.55396872898564,392.44
78.64413566095755,246.66000000000003
78.73419190756977,153.67000000000002
78.82400570996106,88.77
78.91030072560534,189.0
79.00047758594155,321.6
79.0903383847326,282.42
79.18066103477031,428.87
79.2707874556072,519.66
79.36086398176849,326.93
79.45091138966382,416.02
79.54074767790735,442.63
79.62711250362918,291.51
79.71690421877429,335.99
79.80727273458615,386.37
79.89741826290265,228.63
79.98748571285978,112.43
80.07742397254333,280.51
80.16777811059728,347.74
80.25773989968002,194.81
80.34370980970562,236.88
80.43368638167158,401.77
80.52402793476358,292.22
80.61415284592658,117.42
80.70427833963186,377.26
80.79444658989087,1233.67
80.88452236354351,1905.8400000000001
80.9745812038891,2283.54
81.06457881256938,2409.08
81.15081469761208,2096.07
81.24086521286517,1249.0500000000002
81.33095322176814,605.49
81.42111384589225,1290.3600000000001
81.51122229499742,1220.7900000000002
81.60128701478243,538.95
81.69136244989932,939.4
81.78135128691792,3153.24
81.86722478969023,4320.8
81.95750189758837,3828.56
82.04779942566529,2470.96
82.13783911289647,854.18
82.22794638155028,159.11
82.31809914577752,32.58
82.40810498967767,21.17
82.49419501470402,19.450000000000003
82.58406524267048,23.86
82.67436833959073,168.01
82.76451831357554,1220.0300000000002
82.85457866080105,1158.7700000000002
82.94478152971715,511.75
83.03481095377356,116.32
83.12478782655671,693.66
83.21489099459723,1248.71
83.30103320395574,615.09
83.3911451427266,376.13
83.48129080794752,1082.63
83.57140995981172,1038.18
83.66146971192211,491.56
83.75160062080249,63.8
83.84146815584973,689.9499999999999
83.93166982382536,3627.12
84.01755804289132,5978.860000000001
84.10793148260564,5679.97
84.19804980279878,4300.68
84.28800945868716,2267.89
84.37828238867223,785.15
84.46837220387533,329.53
84.55842743581161,1501.73
84.64847047999501,2046.98
84.73436051700264,663.81
84.82454866962507,155.71
84.91486385464668,1298.5800000000002
85.00493795797229,4544.52
85.09506729757413,6426.29
85.18493756884709,6817.46
85.27528538694605,6902.04
85.36502333264798,6811.4800000000005
85.45141729293391,6327.9400000000005
85.54145844699815,4433.56
85.6316349147819,1790.6200000000001
85.72171708289534,567.09
85.81160388793796,405.51
85.90196418156847,226.84
85.99197210883722,89.87
86.08196969656274,43.480000000000004
86.16814895765856,30.650000000000006
86.25823210086673,28.810000000000002
86.34833537088707,29.799999999999997
86.43833385687321,30.900000000000006
86.52857998060063,56.36
86.61870879260823,430.40999999999997
86.70877106068656,1060.19
86.79858957696706,590.69
86.88465274777263,581.38
86.97500680480152,753.1
87.06496723089367,505.33
87.15527093596756,423.78
87.24534309282899,815.29
87.33545745583251,596.8100000000001
87.42556427093223,291.5
87.51531462185085,728.96
87.60164101375267,780.46
87.6918368935585,408.72999999999996
87.78190814191476,553.78
87.87194465473294,1127.74
87.96209958661348,771.79
88.0522432429716,222.18
88.14235585788265,34.82000000000001
88.23208110360429,68.89
88.31859836680815,490.21
88.40856524556875,1006.77
88.4983276068233,1620.44
88.58877983270213,3924.74
88.67890251986682,4904.360000000001
88.76903101895005,5003.030000000001
88.85898123588413,4815.26
88.94918392691761,4203.79
89.03898881468922,3086.43
89.12524624494836,1643.22
89.21542985271662,540.48
89.30550421355292,157.19
89.39626486273482,355.63
89.48578583588824,705.93
89.57579998485744,585.98
89.66579843964428,239.58999999999997
89.75200380384922,43.02
89.84209013497457,11.900000000000006
89.93222471093759,7.980000000000004
90.02243044180796,8.519999999999996
90.11245009163395,9.349999999999994
90.20245623867959,9.200000000000003
90.29241349780932,32.55
90.3827900569886,357.33
90.47256755456328,736.29
90.55887067783624,495.2
90.64880990097299,829.48
90.73906955169514,718.53
90.8291515186429,401.56
90.9193529477343,526.96
91.00939783267677,433.06
91.09949226072058,169.84
91.18946384172887,332.36
91.27566733397543,1004.05
91.36578673962504,903.4
91.4557756879367,389.14
91.54600725974888,297.57
91.6357762767002,485.59999999999997
91.72619706764817,351.89
91.8162935608998,391.74
91.90628378698602,429.3
91.9924194086343,259.7
92.0824618707411,122.17
92.17259467160329,319.04
92.26277890894562,387.0
92.35255502583459,226.9
92.44292241474614,267.98
92.53308132663369,394.82
92.62303710961714,261.31
92.70906973769888,248.8
92.79915349464864,245.93
92.8890276197344,187.39
92.97943984065205,824.71
93.06966496398672,3451.18
93.15972151467577,2384.1
93.24983657058328,490.02
93.33988382760435,251.75
93.42592588393018,722.31
93.5160400508903,670.41
93.60617124661803,430.28999999999996
93.69630194455385,682.18
93.7860843045637,553.83
93.87628057785332,232.7
93.96661567362025,466.71999999999997
94.05660786759108,627.89
94.14269163366407,286.37
94.23281542398036,188.28
94.32294145179912,320.83
94.41305786976591,209.13
94.50309219863266,62.5
94.59322139900178,100.06
94.68333075894043,212.11
94.77311669057235,162.27
94.85943838674575,79.33
94.94957331893966,190.16
95.03973603481427,327.12
95.12979696691036,216.26
95.21966862678528,391.11
95.30997355189174,672.17
95.40006017265841,388.76
95.49013590160757,375.31
95.57624885067344,423.8
95.6663852147758,245.88
95.75641874596477,59.3
95.84659936465323,86.91
95.93663292285055,243.89
96.02651807060465,304.28
96.11685318499804,151.79
96.20680072065443,127.27
96.29290996259078,230.05
96.383098277729,207.84
96.47314346488565,166.07
96.56302663590759,297.42
96.65317940199748,321.88
96.74354178085923,227.14
96.83367447461933,407.57
96.92365736281499,573.57
97.01371112186462,320.4
97.09984183870256,289.51
97.18976014573127,415.46
97.28011333569884,332.24
97.37000204157084,356.98
97.4601621767506,495.22999999999996
97.5504156909883,352.69
97.6403794917278,115.54
97.72629155870527,43.04
97.81644571386278,411.61
97.90675575099885,2909.72
97.99690131982788,5063.59
98.08705215668306,3921.41
98.1771220699884,1805.41
98.26696308096871,485.46
98.35729189775884,345.75
98.44708066154271,1286.44
98.53308228263631,1531.3500000000001
98.6234551765956,578.74
98.71344363270327,836.27
98.80384664563462,3297.12
98.89373800065368,4798.650000000001
98.98389113368466,3442.5899999999997
99.07394136674702,1457.45
99.16375014092773,367.84
99.2501006857492,65.46000000000001
99.34019875479862,306.62
99.43010953767225,1203.42
99.52028959570453,1136.8400000000001
99.6105289356783,556.36
99.70081602968276,1279.7800000000002
99.79066592967138,3924.68
99.88078629691154,4799.0
99.96699716383591,3853.45
100.05698351887986,2298.75
100.14718772098422,856.11
100.23709342256188,204.13
100.32725276565179,53.53
100.41726420959458,28.83
100.50758708268404,54.85
100.59741354361176,398.94
100.6837840648368,1100.0900000000001
100.7737603969872,653.33
100.8639662778005,396.03
100.9540518769063,630.39
101.0439598755911,436.34
101.13428301783279,371.82
101.22436501365155,598.16
101.31441049976274,386.14
101.40049862489104,104.94
101.49058672972023,357.49
101.58067841175944,1978.89
101.67053761472926,4432.43
101.76098664896563,4887.650000000001
101.85105715785176,3150.15
101.94114521378651,1019.22
102.0311787049286,217.22
102.11726518161595,395.51
102.20739589491859,1593.67
102.29739631991833,1646.73
102.38729324797168,744.36
102.47770015383139,604.27
102.56787085067481,2731.5699999999997
102.65793079091236,5135.21
102.74800230795518,4285.320000000001
102.83400144660845,2064.87
102.9239077726379,487.51
103.01399356778711,110.91
103.10406567761675,713.83
103.19448710186407,1631.98
103.28460576292127,847.65
103.37456869473681,283.69
103.46475525666028,1616.1200000000001
103.55100011592731,3953.5299999999997
103.64093399979174,4648.820000000001
103.73105322383344,4380.92
103.82116567296907,3545.29
103.91116104181856,2031.44
104.00140560790896,724.01
104.09145968966186,170.67000000000002
104.1814892757684,45.36
104.26758802495897,43.47
104.35767655353993,184.94
104.44778562290594,581.32
104.53794848872349,367.2
104.62787871761248,255.60000000000002
104.71816812967882,482.59999999999997
104.80825674673542,361.95
104.89812382077798,161.54
104.98438716493547,265.09
105.07435915293172,282.16
105.16454570787027,176.82
105.25471918284893,430.0
105.34480113070458,1619.3300000000002
105.43481184495613,2623.96
105.52490319265053,2845.54
105.61519358772784,2688.3199999999997
105.70508352154866,1997.13
105.79124392475933,895.87
105.8811738169752,912.0699999999999
105.97147193271667,1389.5300000000002
106.06150793470442,860.39
106.15168112097308,249.57999999999998
106.24177534179762,977.36
106.33183279586956,2452.0499999999997
106.42170072486624,3183.45
106.50791927892715,2907.3799999999997
106.59813601896167,2015.75
106.68800306459889,746.75
106.7785183088854,217.86
106.86844064993784,749.4499999999999
106.95855562295765,919.14
107.04863287694752,385.8
107.13471744488925,626.27
107.2245908449404,1853.73
107.31478559458628,2713.27
107.40502131497487,2660.8599999999997
107.49512130394578,2359.2
107.58529661595821,1707.42
107.67533591855317,929.64
107.76539080357179,316.87
107.85143805295229,86.38
107.94132366776466,197.45
108.03165479796007,657.62
108.1218120357953,869.97
108.2118748575449,413.11
108.30200619483367,222.67000000000002
108.39194024493918,446.83
108.48220095178112,393.05
108.5680230599828,176.82
108.65832605492324,40.8
108.7484135008417,81.27
108.83857515268028,78.49000000000001
108.92863010289147,146.93
109.0187814659439,1090.88
109.10888378461823,2824.6099999999997
109.19894333463162,3491.58
109.28875955566764,3546.22
109.37497654464096,2939.1099999999997
109.4652102845721,1157.1100000000001
109.55528994556516,445.0
109.645453074947,1085.3700000000001
109.73551849462092,857.49
109.8256040266715,259.57
109.9157160106115,552.33
110.00574323162436,2028.3700000000001
110.09185425098985,3431.54
110.1819798219949,3750.85
110.27209960576147,3393.6099999999997
110.36220675054938,2487.02
110.4521291279234,1193.7800000000002
110.54237011959776,334.54
110.63233680278063,555.6
110.72251868573949,1138.8700000000001
110.80860339384526,741.0699999999999
110.89879656489938,473.97999999999996
110.98886520881206,1394.5
111.07896980782971,2185.41
111.16903111990541,2150.25
111.25915912166238,1898.72
111.34930464997888,1123.97
111.43914493592456,458.8
111.52535195881501,204.3
111.61550791189075,78.72
111.70563838770613,53.29
111.7956123589538,284.87
111.88581912685186,1080.04
111.97595861367881,1580.5
112.06609913380817,1716.0800000000002
112.1561085358262,1590.72
112.24222662486136,1111.46
112.33226814772934,412.83
112.42234110273421,96.6
112.5124851479195,32.34
112.6025908747688,30.439999999999998
112.69266686867923,116.34
112.78281342377886,649.81
112.87292828084901,1224.0500000000002
112.95866112085059,1382.2900000000002
113.04888475872576,1428.89
113.13916195463389,1434.46
113.22926634689793,1439.3000000000002
113.31939498055726,1443.0400000000002
113.40948140155524,1423.0500000000002
113.49961913796142,1296.89
113.58964304858819,828.77
113.67554385075346,304.07
113.76581564266235,86.89
113.85594497155398,37.260000000000005
113.94601596100256,23.409999999999997
114.0361784407869,18.010000000000005
114.12624262692407,15.39
114.2163281547837,15.150000000000006
114.30632223095745,15.560000000000002
114.39249356882647,17.03
114.48256607493386,31.810000000000002
114.5727172489278,203.91
114.66264620656148,1075.52
114.75293023791164,2010.43
114.84302844200283,2568.1099999999997
114.93308409675956,2805.41
115.02311232779175,2860.16
115.1092557599768,2837.2
115.19939547684044,2704.1099999999997
115.28955734474584,2041.41
115.3792794807814,1045.15
115.46948195481673,432.0
115.55977313779294,162.31
115.64980945875868,67.0
115.73970264894888,30.540000000000006
115.82602927880362,16.870000000000005
115.9159983638674,10.930000000000007
116.00614501954988,7.650000000000006
116.09635005099699,5.25
116.1864795256406,3.4399999999999977
116.27634849585593,2.0
116.36668401956558,1.0499999999999972
116.45661016786471,18.97
116.54278158769011,371.26
116.63282636087388,1973.0600000000002
116.72303541190922,2816.46
116.812861175742,2934.02
116.90302297659218,2885.5699999999997
116.99319108994678,2778.8799999999997
117.08345033088699,2588.5299999999997
117.1732130208984,2317.4
117.26355520589277,1979.96
117.34970122482628,1495.0500000000002
117.43953653983772,862.13
117.52973333280534,331.88
117.61997488094494,97.24
117.71008741762489,37.89
117.80020162696019,29.28
117.89014249760658,26.519999999999996
117.98010530695319,24.629999999999995
118.06642542686313,23.510000000000005
118.15625415975228,21.840000000000003
118.2465900266543,20.25
118.33676657499745,25.39
118.42686508083716,131.46
118.51668421877548,1197.13
118.60707146394998,2368.3399999999997
118.69710202375427,2747.06
118.78317057574168,2846.69
118.8732829396613,2853.81
118.96343697886914,2873.21
119.05354006960988,2851.21
119.1436270098202,2523.3399999999997
119.23380680382252,1331.63
119.32373503269628,455.90999999999997
119.41384228877723,146.97
119.49995293887332,63.47
119.58998996578157,36.400000000000006
119.68022278277203,28.549999999999997
119.77029430354014,25.560000000000002
119.86030519893393,22.75
119.95051842788234,20.060000000000002
120.04035450378433,17.629999999999995
120.13041247380897,15.870000000000005
120.21678778063506,33.480000000000004
120.3067526537925,236.83999999999997
120.39691798062995,719.0
